number,sw_lattitude,sw_longitude,ne_lattitude,ne_longitude,house_no,street,city,state,zipcode,property_name,property_url,no_bed_rooms,no_beds,no_bathrooms,max_no_people,no_nights_min_stay,cleaning_fee,security_deposit,weekly_discount,monthly_discount,extra_price_per_night,extra_after_no_people,price_per_1,price_per_3,price_per_20,reserved_12_months
163,NA,NA,NA,NA,NA,NA,NA,NA,NA,Cosy 3 room apartment with parking.,https://www.airbnb.co.in/rooms/15259201,2,2,1,3,1,NA,NA,10%,20%,NA,NA,2603,2603,2603,NA
164,NA,NA,NA,NA,NA,NA,Gurgaon,Haryana,NA,Uppal South End room,https://www.airbnb.co.in/rooms/11312201,1,2,1,2,1,NA,NA,NA,NA,NA,NA,6475,6475,6475,"Nov 1,Nov 2,Nov 3,Nov 4,Nov 5,Nov 6,Nov 7,Nov 8,Nov 9,Nov 10,Nov 11,Nov 12,Nov 13,Nov 14,Nov 15,Nov 16,Nov 17,Nov 18,Nov 19,Nov 20,Nov 21,Nov 22,Nov 23,Nov 24,Nov 25,Nov 26,Nov 27,Nov 28,Nov 29,Nov 30,Dec 1,Dec 2,Dec 3,Dec 4,Dec 5,Dec 6,Dec 7,Dec 8,Dec 9,Dec 10,Dec 11,Dec 12,Dec 13,Dec 14,Dec 15,Dec 16,Dec 17,Dec 18,Dec 19,Dec 20,Dec 21,Dec 22,Dec 23,Dec 24,Dec 25,Dec 26,Dec 27,Dec 28,Dec 29,Dec 30,Dec 31,Jan 1,Jan 2,Jan 3,Jan 4,Jan 5,Jan 6,Jan 7,Jan 8,Jan 9,Jan 10,Jan 11,Jan 12,Jan 13,Jan 14,Jan 15,Jan 16,Jan 17,Jan 18,Jan 19,Jan 20,Jan 21,Jan 22,Jan 23,Jan 24,Jan 25,Jan 26,Jan 27,Jan 28,Jan 29,Jan 30,Jan 31,Feb 1,Feb 2,Feb 3,Feb 4,Feb 5,Feb 6,Feb 7,Feb 8,Feb 9,Feb 10,Feb 11,Feb 12,Feb 13,Feb 14,Feb 15,Feb 16,Feb 17,Feb 18,Feb 19,Feb 20,Feb 21,Feb 22,Feb 23,Feb 24,Feb 25,Feb 26,Feb 27,Feb 28,Mar 1,Mar 2,Mar 3,Mar 4,Mar 5,Mar 6,Mar 7,Mar 8,Mar 9,Mar 10,Mar 11,Mar 12,Mar 13,Mar 14,Mar 15,Mar 16,Mar 17,Mar 18,Mar 19,Mar 20,Mar 21,Mar 22,Mar 23,Mar 24,Mar 25,Mar 26,Mar 27,Mar 28,Mar 29,Mar 30,Mar 31,Apr 1,Apr 2,Apr 3,Apr 4,Apr 5,Apr 6,Apr 7,Apr 8,Apr 9,Apr 10,Apr 11,Apr 12,Apr 13,Apr 14,Apr 15,Apr 16,Apr 17,Apr 18,Apr 19,Apr 20,Apr 21,Apr 22,Apr 23,Apr 24,Apr 25,Apr 26,Apr 27,Apr 28,Apr 29,Apr 30,May 1,May 2,May 3,May 4,May 5,May 6,May 7,May 8,May 9,May 10,May 11,May 12,May 13,May 14,May 15,May 16,May 17,May 18,May 19,May 20,May 21,May 22,May 23,May 24,May 25,May 26,May 27,May 28,May 29,May 30,May 31,Jun 1,Jun 2,Jun 3,Jun 4,Jun 5,Jun 6,Jun 7,Jun 8,Jun 9,Jun 10,Jun 11,Jun 12,Jun 13,Jun 14,Jun 15,Jun 16,Jun 17,Jun 18,Jun 19,Jun 20,Jun 21,Jun 22,Jun 23,Jun 24,Jun 25,Jun 26,Jun 27,Jun 28,Jun 29,Jun 30,Jul 1,Jul 2,Jul 3,Jul 4,Jul 5,Jul 6,Jul 7,Jul 8,Jul 9,Jul 10,Jul 11,Jul 12,Jul 13,Jul 14,Jul 15,Jul 16,Jul 17,Jul 18,Jul 19,Jul 20,Jul 21,Jul 22,Jul 23,Jul 24,Jul 25,Jul 26,Jul 27,Jul 28,Jul 29,Jul 30,Jul 31,Aug 1,Aug 2,Aug 3,Aug 4,Aug 5,Aug 6,Aug 7,Aug 8,Aug 9,Aug 10,Aug 11,Aug 12,Aug 13,Aug 14,Aug 15,Aug 16,Aug 17,Aug 18,Aug 19,Aug 20,Aug 21,Aug 22,Aug 23,Aug 24,Aug 25,Aug 26,Aug 27,Aug 28,Aug 29,Aug 30,Aug 31,Sep 1,Sep 2,Sep 3,Sep 4,Sep 5,Sep 6,Sep 7,Sep 8,Sep 9,Sep 10,Sep 11,Sep 12,Sep 13,Sep 14,Sep 15,Sep 16,Sep 17,Sep 18,Sep 19,Sep 20,Sep 21,Sep 22,Sep 23,Sep 24,Sep 25,Sep 26,Sep 27,Sep 28,Sep 29,Sep 30,Oct 1,Oct 2,Oct 3,Oct 4,Oct 5,Oct 6,Oct 7,Oct 8,Oct 9,Oct 10,Oct 11,Oct 12,Oct 13,Oct 14,Oct 15,Oct 16,Oct 17,Oct 18,Oct 19,Oct 20,Oct 21,Oct 22,Oct 23,Oct 24,Oct 25,Oct 26,Oct 27,Oct 28,Oct 29,Oct 30,Oct 31,Nov 1,Nov 2,Nov 3,Nov 4,Nov 5"
165,NA,NA,NA,NA,NA,NA,New Delhi,Delhi,NA,Heritage Apt 2@ Hauz Khas Village,https://www.airbnb.co.in/rooms/590038,1,1,1,2,1,NA,NA,7%,25%,NA,NA,4272,4272,4272,"Nov 1,Nov 2,Nov 3,Nov 4,Nov 5,Nov 9,Nov 10,Nov 11,Nov 12,Nov 14,Nov 15,Nov 16,Nov 18,Nov 19,Nov 20,Nov 21,Nov 22,Nov 23,Nov 24,Nov 25,Nov 26,Nov 27,Nov 28,Nov 29,Nov 30,Dec 1,Dec 2,Dec 3,Dec 4,Dec 5,Dec 6,Dec 7,Dec 8,Dec 9,Dec 10,Dec 11,Dec 12,Dec 13,Dec 14,Dec 15,Dec 23,Dec 24,Dec 25"
166,NA,NA,NA,NA,NA,NA,New Delhi,Delhi,NA,A/C Private Room + Living Room + Kitchen +Washroom,https://www.airbnb.co.in/rooms/9988051,1,2,1,3,1,NA,NA,10%,20%,702,2,1268,1970,13904,"Nov 1,Nov 4,Nov 13,Nov 14,Nov 15,Nov 16,Nov 17,Nov 18,Nov 19,Nov 20,Nov 21,Nov 22,Nov 23,Nov 24,Nov 26,Nov 28,Nov 29,Nov 30,Dec 1,Dec 2,Dec 3,Dec 4,Dec 5,Dec 6,Dec 7,Dec 8,Dec 9,Dec 10,Dec 11,Dec 12,Dec 13,Dec 14,Dec 15,Dec 16,Dec 18,Dec 19,Dec 20,Dec 21,Jan 7,Jan 8,Jan 9,Jan 10,Jan 11,Mar 30,Mar 31,Apr 1,Apr 2,Apr 3,Apr 4,Apr 5,Apr 6,Apr 7,Apr 8,Apr 9,Apr 10,Apr 11,Apr 12,Apr 13,Apr 14,Apr 15,Apr 16,Apr 17,Apr 18,Apr 19,Apr 20,Apr 21,Apr 22,Apr 23,Apr 24,Apr 25,Apr 26,Apr 27,Apr 28,Apr 29,Apr 30,May 1,May 2,May 3,May 4,May 5,May 6,May 7,May 8,May 9,May 10,May 11,May 12,May 13,May 14,May 15,May 16,May 17,May 18,May 19,May 20,May 21,May 22,May 23,May 24,May 25,May 26,May 27,May 28,May 29,May 30,May 31,Jun 1,Jun 2,Jun 3,Jun 4,Jun 5,Jun 6,Jun 7,Jun 8,Jun 9,Jun 10,Jun 11,Jun 12,Jun 13,Jun 14,Jun 15,Jun 16,Jun 17,Jun 18,Jun 19,Jun 20,Jun 21,Jun 22,Jun 23,Jun 24,Jun 25,Jun 26,Jun 27,Jun 28,Jun 29,Jun 30,Jul 1,Jul 2,Jul 3,Jul 4,Jul 5,Jul 6,Jul 7,Jul 8,Jul 9,Jul 10,Jul 11,Jul 12,Jul 13,Jul 14,Jul 15,Jul 16,Jul 17,Jul 18,Jul 19,Jul 20,Jul 21,Jul 22,Jul 23,Jul 24,Jul 25,Jul 26,Jul 27,Jul 28,Jul 29,Jul 30,Jul 31,Aug 1,Aug 2,Aug 3,Aug 4,Aug 5,Aug 6,Aug 7,Aug 8,Aug 9,Aug 10,Aug 11,Aug 12,Aug 13,Aug 14,Aug 15,Aug 16,Aug 17,Aug 18,Aug 19,Aug 20,Aug 21,Aug 22,Aug 23,Aug 24,Aug 25,Aug 26,Aug 27,Aug 28,Aug 29,Aug 30,Aug 31,Sep 1,Sep 2,Sep 3,Sep 4,Sep 5,Sep 6,Sep 7,Sep 8,Sep 9,Sep 10,Sep 11,Sep 12,Sep 13,Sep 14,Sep 15,Sep 16,Sep 17,Sep 18,Sep 19,Sep 20,Sep 21,Sep 22,Sep 23,Sep 24,Sep 25,Sep 26,Sep 27,Sep 28,Sep 29,Sep 30,Oct 1,Oct 2,Oct 3,Oct 4,Oct 5,Oct 6,Oct 7,Oct 8,Oct 9,Oct 10,Oct 11,Oct 12,Oct 13,Oct 14,Oct 15,Oct 16,Oct 17,Oct 18,Oct 19,Oct 20,Oct 21,Oct 22,Oct 23,Oct 24,Oct 25,Oct 26,Oct 27,Oct 28,Oct 29,Oct 30,Oct 31,Nov 1,Nov 2,Nov 3,Nov 4,Nov 5"
167,NA,NA,NA,NA,NA,NA,New Delhi,Delhi,NA,Home Stay..,https://www.airbnb.co.in/rooms/12919069,1,1,1,2,1,NA,10024,15%,40%,NA,NA,2203,2203,2203,"Mar 30,Mar 31,Apr 1,Apr 2,Apr 3,Apr 4,Apr 5,Apr 6,Apr 7,Apr 8,Apr 9,Apr 10,Apr 11,Apr 12,Apr 13,Apr 14,Apr 15,Apr 16,Apr 17,Apr 18,Apr 19,Apr 20,Apr 21,Apr 22,Apr 23,Apr 24,Apr 25,Apr 26,Apr 27,Apr 28,Apr 29,Apr 30,May 1,May 2,May 3,May 4,May 5,May 6,May 7,May 8,May 9,May 10,May 11,May 12,May 13,May 14,May 15,May 16,May 17,May 18,May 19,May 20,May 21,May 22,May 23,May 24,May 25,May 26,May 27,May 28,May 29,May 30,May 31,Jun 1,Jun 2,Jun 3,Jun 4,Jun 5,Jun 6,Jun 7,Jun 8,Jun 9,Jun 10,Jun 11,Jun 12,Jun 13,Jun 14,Jun 15,Jun 16,Jun 17,Jun 18,Jun 19,Jun 20,Jun 21,Jun 22,Jun 23,Jun 24,Jun 25,Jun 26,Jun 27,Jun 28,Jun 29,Jun 30,Jul 1,Jul 2,Jul 3,Jul 4,Jul 5,Jul 6,Jul 7,Jul 8,Jul 9,Jul 10,Jul 11,Jul 12,Jul 13,Jul 14,Jul 15,Jul 16,Jul 17,Jul 18,Jul 19,Jul 20,Jul 21,Jul 22,Jul 23,Jul 24,Jul 25,Jul 26,Jul 27,Jul 28,Jul 29,Jul 30,Jul 31,Aug 1,Aug 2,Aug 3,Aug 4,Aug 5,Aug 6,Aug 7,Aug 8,Aug 9,Aug 10,Aug 11,Aug 12,Aug 13,Aug 14,Aug 15,Aug 16,Aug 17,Aug 18,Aug 19,Aug 20,Aug 21,Aug 22,Aug 23,Aug 24,Aug 25,Aug 26,Aug 27,Aug 28,Aug 29,Aug 30,Aug 31,Sep 1,Sep 2,Sep 3,Sep 4,Sep 5,Sep 6,Sep 7,Sep 8,Sep 9,Sep 10,Sep 11,Sep 12,Sep 13,Sep 14,Sep 15,Sep 16,Sep 17,Sep 18,Sep 19,Sep 20,Sep 21,Sep 22,Sep 23,Sep 24,Sep 25,Sep 26,Sep 27,Sep 28,Sep 29,Sep 30,Oct 1,Oct 2,Oct 3,Oct 4,Oct 5,Oct 6,Oct 7,Oct 8,Oct 9,Oct 10,Oct 11,Oct 12,Oct 13,Oct 14,Oct 15,Oct 16,Oct 17,Oct 18,Oct 19,Oct 20,Oct 21,Oct 22,Oct 23,Oct 24,Oct 25,Oct 26,Oct 27,Oct 28,Oct 29,Oct 30,Oct 31,Nov 1,Nov 2,Nov 3,Nov 4,Nov 5"
168,NA,NA,NA,NA,NA,NA,New Delhi,Delhi,NA,BNB Paharganj,https://www.airbnb.co.in/rooms/5963211,1,1,1,16+,1,NA,NA,25%,33%,702,1,1201,2605,14539,NA
169,NA,NA,NA,NA,NA,NA,Gurgaon,Haryana,NA,King's Landing,https://www.airbnb.co.in/rooms/10217741,1,1,1,2,1,NA,NA,20%,30%,NA,NA,1468,1468,1468,NA
170,NA,NA,NA,NA,NA,NA,New Delhi,Delhi,NA,Nizamuddin Exotic Home Stay- Room 111,https://www.airbnb.co.in/rooms/560675,1,2,1,2,1,NA,NA,10%,28%,501,1,3473,4475,12992,"Nov 1,Nov 2,Nov 3,Nov 4,Nov 5,Nov 6,Nov 7,Nov 8,Nov 9,Nov 10,Nov 11,Nov 12,Nov 13,Nov 14,Nov 15,Nov 20,Nov 21,Nov 22,Nov 23,Nov 24,Nov 25,Nov 26,Nov 27,Dec 10,Dec 11,Dec 17,Dec 18,Dec 23,Dec 24,Dec 25,Dec 26,Dec 28,Dec 30,Dec 31,Jan 1"
171,NA,NA,NA,NA,NA,NA,New Delhi,Delhi,NA,DeluxeRoom2@NewDelhiRailwaystaion,https://www.airbnb.co.in/rooms/8243245,1,1,1,3,1,NA,NA,0%,10%,401,2,1135,1536,8353,"Nov 9,Nov 10,Nov 11,Nov 12,Nov 13,Nov 14"
172,NA,NA,NA,NA,NA,NA,New Delhi,DL,NA,Party House The Penthouse in Delhi North East,https://www.airbnb.co.in/rooms/14594043,4,4,2,16+,Fridays,501,7016,10%,49%,992,8,7543,7543,19447,NA
173,NA,NA,NA,NA,NA,NA,Gurgaon,Haryana,NA,Business Backpackers,https://www.airbnb.co.in/rooms/13760521,1,1,1,2,Fridays,NA,NA,10%,30%,802,1,2003,3607,17241,NA
174,NA,NA,NA,NA,NA,NA,New Delhi,Delhi,NA,Deluxe Triple Bed with Breakfast in Central Delhi,https://www.airbnb.co.in/rooms/12197286,1,2,1,4,1,NA,NA,NA,15%,351,3,1402,1402,7369,"Oct 1,Oct 2,Oct 3,Oct 4,Oct 5,Oct 6,Oct 7,Oct 8,Oct 9,Oct 10,Oct 11,Oct 12,Oct 13,Oct 14,Oct 15,Oct 16,Oct 17,Oct 18,Oct 19,Oct 20,Oct 21,Oct 22,Oct 23,Oct 24,Oct 25,Oct 26,Oct 27,Oct 28,Oct 29,Oct 30,Oct 31,Nov 1,Nov 2,Nov 3,Nov 4,Nov 5"
175,NA,NA,NA,NA,NA,NA,New Delhi,Delhi,NA,Fully AC Apartment Near Metro Stn,https://www.airbnb.co.in/rooms/12802355,2,2,1,8,1,500,NA,10%,20%,334,4,1001,1001,6345,NA
176,NA,NA,NA,NA,NA,NA,New Delhi,Delhi,NA,Room # 002 of BnB-Delhi,https://www.airbnb.co.in/rooms/4647956,1,1,1,2,1,NA,NA,11%,23%,NA,NA,1201,1201,1201,"Nov 13,Nov 14,Nov 15,Nov 16,Nov 18,Nov 19,Nov 20,Nov 24,Nov 25,Feb 3,Feb 4,Feb 5,Apr 1,Apr 2,Apr 3,Apr 4,Apr 5,Apr 6,Apr 7,Apr 8,Apr 9,Apr 10,Apr 11,Apr 12,Apr 13,Apr 14,Apr 15,Apr 16,Apr 17,Apr 18,Apr 19,Apr 20,Apr 21,Apr 22,Apr 23,Apr 24,Apr 25,Apr 26,Apr 27,Apr 28,Apr 29,Apr 30,May 1,May 2,May 3,May 4,May 5,May 6,May 7,May 8,May 9,May 10,May 11,May 12,May 13,May 14,May 15,May 16,May 17,May 18,May 19,May 20,May 21,May 22,May 23,May 24,May 25,May 26,May 27,May 28,May 29,May 30,May 31,Jun 1,Jun 2,Jun 3,Jun 4,Jun 5,Jun 6,Jun 7,Jun 8,Jun 9,Jun 10,Jun 11,Jun 12,Jun 13,Jun 14,Jun 15,Jun 16,Jun 17,Jun 18,Jun 19,Jun 20,Jun 21,Jun 22,Jun 23,Jun 24,Jun 25,Jun 26,Jun 27,Jun 28,Jun 29,Jun 30,Jul 1,Jul 2,Jul 3,Jul 4,Jul 5,Jul 6,Jul 7,Jul 8,Jul 9,Jul 10,Jul 11,Jul 12,Jul 13,Jul 14,Jul 15,Jul 16,Jul 17,Jul 18,Jul 19,Jul 20,Jul 21,Jul 22,Jul 23,Jul 24,Jul 25,Jul 26,Jul 27,Jul 28,Jul 29,Jul 30,Jul 31,Aug 1,Aug 2,Aug 3,Aug 4,Aug 5,Aug 6,Aug 7,Aug 8,Aug 9,Aug 10,Aug 11,Aug 12,Aug 13,Aug 14,Aug 15,Aug 16,Aug 17,Aug 18,Aug 19,Aug 20,Aug 21,Aug 22,Aug 23,Aug 24,Aug 25,Aug 26,Aug 27,Aug 28,Aug 29,Aug 30,Aug 31,Sep 1,Sep 2,Sep 3,Sep 4,Sep 5,Sep 6,Sep 7,Sep 8,Sep 9,Sep 10,Sep 11,Sep 12,Sep 13,Sep 14,Sep 15,Sep 16,Sep 17,Sep 18,Sep 19,Sep 20,Sep 21,Sep 22,Sep 23,Sep 24,Sep 25,Sep 26,Sep 27,Sep 28,Sep 29,Sep 30"
177,NA,NA,NA,NA,NA,NA,New Delhi,Delhi,NA,"Window View Room in Hauz Khaz,Delhi",https://www.airbnb.co.in/rooms/413950,1,1,1,2,1,NA,NA,11%,47%,501,1,2870,3872,12389,NA
178,NA,NA,NA,NA,NA,NA,New Delhi,Delhi,NA,om paradise,https://www.airbnb.co.in/rooms/7844650,1,1,1,2,1,NA,NA,9%,25%,NA,NA,1068,1068,1068,Nov 1
179,NA,NA,NA,NA,NA,NA,Gurgaon,Haryana,NA,Luxury AirBnB on Golf Course Road Gurgaon,https://www.airbnb.co.in/rooms/8376716,1,1,1,2,1,NA,NA,5%,15%,NA,NA,2670,2670,2670,Dec 22
180,NA,NA,NA,NA,NA,NA,New Delhi,Delhi,NA,"Private room@Venn premium,New Delhi",https://www.airbnb.co.in/rooms/14240544,1,2,1,2,1,NA,NA,5%,10%,NA,NA,1202,1202,1202,NA
181,NA,NA,NA,NA,NA,NA,New Delhi,Delhi,NA,"Deluxe room@Venn premium, New Delhi",https://www.airbnb.co.in/rooms/14242010,1,2,1,2,1,NA,NA,5%,10%,NA,NA,1468,1468,1468,NA
182,NA,NA,NA,NA,NA,NA,New Delhi,Delhi,NA,Flat in historic neighborhood 1,https://www.airbnb.co.in/rooms/11310391,1,2,1,5,2,NA,NA,5%,18%,NA,NA,1468,1468,1468,"Jan 19,Jan 20"
183,NA,NA,NA,NA,NA,NA,New Delhi,Delhi,NA,Luxury Stay In Hotel,https://www.airbnb.co.in/rooms/15124487,1,1,1,3,1,NA,NA,15%,NA,601,1,3337,4539,14756,NA
184,NA,NA,NA,NA,NA,NA,New Delhi,Delhi,NA,Domestic and International Airport,https://www.airbnb.co.in/rooms/10842509,1,1,1,2,1,NA,NA,NA,NA,NA,NA,2470,2470,2470,NA
185,NA,NA,NA,NA,NA,NA,New Delhi,Delhi,NA,Blue Nest,https://www.airbnb.co.in/rooms/3490641,1,1,1,2,1,NA,NA,10%,0%,NA,NA,2470,2470,2470,NA
186,NA,NA,NA,NA,NA,NA,New Delhi,Delhi,NA,Art Abode!,https://www.airbnb.co.in/rooms/14367251,4,4,3,7,1,NA,NA,10%,20%,346,2,1468,1814,7696,"Dec 30,Dec 31,Jan 1,Jan 2,Jan 3,Jan 4,Jan 5,Jan 6,Jan 7,Jan 8,Jan 9,Jan 10,Jan 11,Jan 12,Jan 13,Jan 14,Jan 15,Jan 16,Jan 17,Jan 18,Jan 19,Jan 20,Jan 21,Jan 22,Jan 23,Jan 24,Jan 25,Jan 26,Jan 27,Jan 28,Jan 29,Jan 30,Jan 31,Feb 1,Feb 2,Feb 3,Feb 4,Feb 5,Feb 6,Feb 7,Feb 8,Feb 9,Feb 10,Feb 11,Feb 12,Feb 13,Feb 14,Feb 15,Feb 16,Feb 17,Feb 18,Feb 19,Feb 20,Feb 21,Feb 22,Feb 23,Feb 24,Feb 25,Feb 26,Feb 27,Feb 28,Mar 1,Mar 2,Mar 3,Mar 4,Mar 5,Mar 6,Mar 7,Mar 8,Mar 9,Mar 10,Mar 11,Mar 12,Mar 13,Mar 14,Mar 15,Mar 16,Mar 17,Mar 18,Mar 19,Mar 20,Mar 21,Mar 22,Mar 23,Mar 24,Mar 25,Mar 26,Mar 27,Mar 28,Mar 29,Mar 30,Mar 31,Apr 1,Apr 2,Apr 3,Apr 4,Apr 5,Apr 6,Apr 7,Apr 8,Apr 9,Apr 10,Apr 11,Apr 12,Apr 13,Apr 14,Apr 15,Apr 16,Apr 17,Apr 18,Apr 19,Apr 20,Apr 21,Apr 22,Apr 23,Apr 24,Apr 25,Apr 26,Apr 27,Apr 28,Apr 29,Apr 30,May 1,May 2,May 3,May 4,May 5,May 6,May 7,May 8,May 9,May 10,May 11,May 12,May 13,May 14,May 15,May 16,May 17,May 18,May 19,May 20,May 21,May 22,May 23,May 24,May 25,May 26,May 27,May 28,May 29,May 30,May 31,Jun 1,Jun 2,Jun 3,Jun 4,Jun 5,Jun 6,Jun 7,Jun 8,Jun 9,Jun 10,Jun 11,Jun 12,Jun 13,Jun 14,Jun 15,Jun 16,Jun 17,Jun 18,Jun 19,Jun 20,Jun 21,Jun 22,Jun 23,Jun 24,Jun 25,Jun 26,Jun 27,Jun 28,Jun 29,Jun 30,Jul 1,Jul 2,Jul 3,Jul 4,Jul 5,Jul 6,Jul 7,Jul 8,Jul 9,Jul 10,Jul 11,Jul 12,Jul 13,Jul 14,Jul 15,Jul 16,Jul 17,Jul 18,Jul 19,Jul 20,Jul 21,Jul 22,Jul 23,Jul 24,Jul 25,Jul 26,Jul 27,Jul 28,Jul 29,Jul 30,Jul 31,Aug 1,Aug 2,Aug 3,Aug 4,Aug 5,Aug 6,Aug 7,Aug 8,Aug 9,Aug 10,Aug 11,Aug 12,Aug 13,Aug 14,Aug 15,Aug 16,Aug 17,Aug 18,Aug 19,Aug 20,Aug 21,Aug 22,Aug 23,Aug 24,Aug 25,Aug 26,Aug 27,Aug 28,Aug 29,Aug 30,Aug 31,Sep 1,Sep 2,Sep 3,Sep 4,Sep 5,Sep 6,Sep 7,Sep 8,Sep 9,Sep 10,Sep 11,Sep 12,Sep 13,Sep 14,Sep 15,Sep 16,Sep 17,Sep 18,Sep 19,Sep 20,Sep 21,Sep 22,Sep 23,Sep 24,Sep 25,Sep 26,Sep 27,Sep 28,Sep 29,Sep 30,Oct 1,Oct 2,Oct 3,Oct 4,Oct 5,Oct 6,Oct 7,Oct 8,Oct 9,Oct 10,Oct 11,Oct 12,Oct 13,Oct 14,Oct 15,Oct 16,Oct 17,Oct 18,Oct 19,Oct 20,Oct 21,Oct 22,Oct 23,Oct 24,Oct 25,Oct 26,Oct 27,Oct 28,Oct 29,Oct 30,Oct 31,Nov 1,Nov 2,Nov 3,Nov 4,Nov 5"
187,NA,NA,NA,NA,NA,NA,New Delhi,Delhi,NA,"Affordable & large, fully equipped paradise",https://www.airbnb.co.in/rooms/9931801,3,NA,3,8,2,902,6512,3%,10%,601,6,5540,5540,13954,"Nov 3,Nov 4,Nov 5,Nov 6,Nov 12,Nov 13,Nov 14,Nov 15,Nov 16,Nov 17,Nov 25,Nov 26,Nov 27,Nov 28,Nov 29,Nov 30,Dec 1,Dec 2,Dec 3,Dec 4,Dec 5,Dec 27,Dec 28,Oct 1,Oct 2,Oct 3,Oct 4,Oct 5,Oct 6,Oct 7,Oct 8,Oct 9,Oct 10,Oct 11,Oct 12,Oct 13,Oct 14,Oct 15,Oct 16,Oct 17,Oct 18,Oct 19,Oct 20,Oct 21,Oct 22,Oct 23,Oct 24,Oct 25,Oct 26,Oct 27,Oct 28,Oct 29,Oct 30,Oct 31,Nov 1,Nov 2,Nov 3,Nov 4,Nov 5"
188,NA,NA,NA,NA,NA,NA,New Delhi,New Delhi,NA,Charming B&B located in South Delhi,https://www.airbnb.co.in/rooms/71164,1,1,1,3,1,NA,NA,10%,20%,501,1,3005,4007,12524,"Apr 26,Apr 27,Apr 28,Apr 29,Apr 30"
189,NA,NA,NA,NA,NA,NA,New Delhi,Delhi,NA,Nerd's Nest,https://www.airbnb.co.in/rooms/12522431,1,NA,1,2,1,351,NA,NA,NA,702,1,1535,2939,14873,"Nov 1,Nov 2,Nov 3"
190,NA,NA,NA,NA,NA,NA,New Delhi,Delhi,NA,"""Home away from Home""",https://www.airbnb.co.in/rooms/12624019,1,1,1,1,1,NA,NA,10%,30%,NA,NA,1402,1402,1402,NA
191,NA,NA,NA,NA,NA,NA,New Delhi,Delhi,NA,"Anara Homes Mamma Mia Studio, GK II",https://www.airbnb.co.in/rooms/11031982,1,1,1,2,1,NA,NA,10%,15%,NA,NA,4005,4005,4005,"Dec 21,Dec 26"
192,NA,NA,NA,NA,NA,NA,New Delhi,Delhi,NA,Comfortable homestay in south delhi,https://www.airbnb.co.in/rooms/181503,1,1,1,1,1,NA,NA,10%,20%,NA,NA,1602,1602,1602,"Dec 30,Dec 31,Jan 1,Jan 2,Jan 3,Jan 4,Jan 5,Jan 6,Jan 7,Jan 8,Jan 9,Jan 10,Jan 11,Jan 12,Jan 13,Jan 14,Jan 15,Jan 16,Jan 17,Jan 18,Jan 19,Jan 20,Jan 21,Jan 22,Jan 23,Jan 24,Jan 25,Jan 26,Jan 27,Jan 28,Jan 29,Jan 30,Jan 31,Feb 1,Feb 2,Feb 3,Feb 4,Feb 5,Feb 6,Feb 7,Feb 8,Feb 9,Feb 10,Feb 11,Feb 12,Feb 13,Feb 14,Feb 15,Feb 16,Feb 17,Feb 18,Feb 19,Feb 20,Feb 21,Feb 22,Feb 23,Feb 24,Feb 25,Feb 26,Feb 27,Feb 28,Mar 1,Mar 2,Mar 3,Mar 4,Mar 5,Mar 6,Mar 7,Mar 8,Mar 9,Mar 10,Mar 11,Mar 12,Mar 13,Mar 14,Mar 15,Mar 16,Mar 17,Mar 18,Mar 19,Mar 20,Mar 21,Mar 22,Mar 23,Mar 24,Mar 25,Mar 26,Mar 27,Mar 28,Mar 29,Mar 30,Mar 31,Apr 1,Apr 2,Apr 3,Apr 4,Apr 5,Apr 6,Apr 7,Apr 8,Apr 9,Apr 10,Apr 11,Apr 12,Apr 13,Apr 14,Apr 15,Apr 16,Apr 17,Apr 18,Apr 19,Apr 20,Apr 21,Apr 22,Apr 23,Apr 24,Apr 25,Apr 26,Apr 27,Apr 28,Apr 29,Apr 30,May 1,May 2,May 3,May 4,May 5,May 6,May 7,May 8,May 9,May 10,May 11,May 12,May 13,May 14,May 15,May 16,May 17,May 18,May 19,May 20,May 21,May 22,May 23,May 24,May 25,May 26,May 27,May 28,May 29,May 30,May 31,Jun 1,Jun 2,Jun 3,Jun 4,Jun 5,Jun 6,Jun 7,Jun 8,Jun 9,Jun 10,Jun 11,Jun 12,Jun 13,Jun 14,Jun 15,Jun 16,Jun 17,Jun 18,Jun 19,Jun 20,Jun 21,Jun 22,Jun 23,Jun 24,Jun 25,Jun 26,Jun 27,Jun 28,Jun 29,Jun 30,Jul 1,Jul 2,Jul 3,Jul 4,Jul 5,Jul 6,Jul 7,Jul 8,Jul 9,Jul 10,Jul 11,Jul 12,Jul 13,Jul 14,Jul 15,Jul 16,Jul 17,Jul 18,Jul 19,Jul 20,Jul 21,Jul 22,Jul 23,Jul 24,Jul 25,Jul 26,Jul 27,Jul 28,Jul 29,Jul 30,Jul 31,Aug 1,Aug 2,Aug 3,Aug 4,Aug 5,Aug 6,Aug 7,Aug 8,Aug 9,Aug 10,Aug 11,Aug 12,Aug 13,Aug 14,Aug 15,Aug 16,Aug 17,Aug 18,Aug 19,Aug 20,Aug 21,Aug 22,Aug 23,Aug 24,Aug 25,Aug 26,Aug 27,Aug 28,Aug 29,Aug 30,Aug 31,Sep 1,Sep 2,Sep 3,Sep 4,Sep 5,Sep 6,Sep 7,Sep 8,Sep 9,Sep 10,Sep 11,Sep 12,Sep 13,Sep 14,Sep 15,Sep 16,Sep 17,Sep 18,Sep 19,Sep 20,Sep 21,Sep 22,Sep 23,Sep 24,Sep 25,Sep 26,Sep 27,Sep 28,Sep 29,Sep 30,Oct 1,Oct 2,Oct 3,Oct 4,Oct 5,Oct 6,Oct 7,Oct 8,Oct 9,Oct 10,Oct 11,Oct 12,Oct 13,Oct 14,Oct 15,Oct 16,Oct 17,Oct 18,Oct 19,Oct 20,Oct 21,Oct 22,Oct 23,Oct 24,Oct 25,Oct 26,Oct 27,Oct 28,Oct 29,Oct 30,Oct 31,Nov 1,Nov 2,Nov 3,Nov 4,Nov 5"
193,NA,NA,NA,NA,NA,NA,New Delhi,Delhi,NA,"Luxury Stay in New Delhi, India",https://www.airbnb.co.in/rooms/2178838,1,1,1,2,1,NA,NA,13%,20%,NA,NA,2470,2470,2470,NA
194,NA,NA,NA,NA,NA,NA,New Delhi,Delhi,NA,NAMASTE THE GREEN SUITE,https://www.airbnb.co.in/rooms/11400664,1,NA,1,1,1,NA,NA,66%,NA,NA,NA,5006,5006,5006,NA
195,NA,NA,NA,NA,NA,NA,New Delhi,Delhi,NA,Stay in a true Delhi neighbourhood,https://www.airbnb.co.in/rooms/14620595,1,1,1,1,1,NA,NA,10%,0%,NA,NA,668,668,668,NA
196,NA,NA,NA,NA,NA,NA,New Delhi,DL,NA,Where dreamers are woven,https://www.airbnb.co.in/rooms/7251481,1,NA,2,2,1,NA,NA,10%,30%,451,1,667,1569,9236,"Nov 11,Nov 12,Nov 13,Feb 1,Feb 2,Feb 3,Feb 4,Feb 5,Feb 6,Feb 7,Feb 8,Feb 9,Feb 10,Feb 11,Feb 12,Feb 13,Feb 14,Feb 15,Feb 16,Feb 17,Feb 18,Feb 19,Feb 20,Feb 21,Feb 22,Feb 23,Feb 24,Feb 25,Feb 26,Feb 27,Feb 28,Mar 1,Mar 2,Mar 3,Mar 4,Mar 5,Mar 6,Mar 7,Mar 8,Mar 9,Mar 10,Mar 11,Mar 12,Mar 13,Mar 14,Mar 15,Mar 16,Mar 17,Mar 18,Mar 19,Mar 20,Mar 21,Mar 22,Mar 23,Mar 24,Mar 25,Mar 26,Mar 27,Mar 28,Mar 29,Mar 30,Mar 31,Apr 1,Apr 2,Apr 3,Apr 4,Apr 5,Apr 6,Apr 7,Apr 8,Apr 9,Apr 10,Apr 11,Apr 12,Apr 13,Apr 14,Apr 15,Apr 16,Apr 17,Apr 18,Apr 19,Apr 20,Apr 21,Apr 22,Apr 23,Apr 24,Apr 25,Apr 26,Apr 27,Apr 28,Apr 29,Apr 30,May 1,May 2,May 3,May 4,May 5,May 6,May 7,May 8,May 9,May 10,May 11,May 12,May 13,May 14,May 15,May 16,May 17,May 18,May 19,May 20,May 21,May 22,May 23,May 24,May 25,May 26,May 27,May 28,May 29,May 30,May 31,Jun 1,Jun 2,Jun 3,Jun 4,Jun 5,Jun 6,Jun 7,Jun 8,Jun 9,Jun 10,Jun 11,Jun 12,Jun 13,Jun 14,Jun 15,Jun 16,Jun 17,Jun 18,Jun 19,Jun 20,Jun 21,Jun 22,Jun 23,Jun 24,Jun 25,Jun 26,Jun 27,Jun 28,Jun 29,Jun 30,Jul 1,Jul 2,Jul 3,Jul 4,Jul 5,Jul 6,Jul 7,Jul 8,Jul 9,Jul 10,Jul 11,Jul 12,Jul 13,Jul 14,Jul 15,Jul 16,Jul 17,Jul 18,Jul 19,Jul 20,Jul 21,Jul 22,Jul 23,Jul 24,Jul 25,Jul 26,Jul 27,Jul 28,Jul 29,Jul 30,Jul 31,Aug 1,Aug 2,Aug 3,Aug 4,Aug 5,Aug 6,Aug 7,Aug 8,Aug 9,Aug 10,Aug 11,Aug 12,Aug 13,Aug 14,Aug 15,Aug 16,Aug 17,Aug 18,Aug 19,Aug 20,Aug 21,Aug 22,Aug 23,Aug 24,Aug 25,Aug 26,Aug 27,Aug 28,Aug 29,Aug 30,Aug 31,Sep 1,Sep 2,Sep 3,Sep 4,Sep 5,Sep 6,Sep 7,Sep 8,Sep 9,Sep 10,Sep 11,Sep 12,Sep 13,Sep 14,Sep 15,Sep 16,Sep 17,Sep 18,Sep 19,Sep 20,Sep 21,Sep 22,Sep 23,Sep 24,Sep 25,Sep 26,Sep 27,Sep 28,Sep 29,Sep 30,Oct 1,Oct 2,Oct 3,Oct 4,Oct 5,Oct 6,Oct 7,Oct 8,Oct 9,Oct 10,Oct 11,Oct 12,Oct 13,Oct 14,Oct 15,Oct 16,Oct 17,Oct 18,Oct 19,Oct 20,Oct 21,Oct 22,Oct 23,Oct 24,Oct 25,Oct 26,Oct 27,Oct 28,Oct 29,Oct 30,Oct 31,Nov 1,Nov 2,Nov 3,Nov 4,Nov 5"
197,NA,NA,NA,NA,NA,NA,Gurgaon,HR,NA,"Great location, luxury private stay",https://www.airbnb.co.in/rooms/11431038,1,1,1,2,1,NA,NA,10%,20%,501,1,2204,3206,11723,NA
198,NA,NA,NA,NA,NA,NA,New Delhi,Delhi,NA,Sunny South Delhi Studio,https://www.airbnb.co.in/rooms/9286376,1,NA,1,2,1,501,NA,0%,0%,NA,NA,1803,1803,1803,"Dec 4,Dec 6,Dec 7,Dec 12,Dec 13,Dec 14,Dec 15,Dec 16,Dec 17,Dec 18,Dec 19,Dec 20,Dec 21,Dec 22,Dec 23"
199,NA,NA,NA,NA,NA,NA,New Delhi,Delhi,NA,Elegant and Airy Private Space,https://www.airbnb.co.in/rooms/11486639,1,1,1,2,1,NA,NA,10%,20%,NA,NA,2271,2271,2271,"Nov 1,Nov 2,Nov 3,Nov 4,Nov 6,Nov 7,Nov 10,Nov 14,Nov 15,Nov 19,Nov 20,Nov 21,Nov 22,Nov 25,Nov 26,Nov 27,Nov 28,Dec 13,Dec 14,Dec 15,Dec 16,Dec 17,Dec 30,Dec 31,Jan 2,Jan 3,Jan 4,Jan 5,Jan 6,Jan 7,Jan 8,Jan 9,Jan 10,Jan 11,Jan 12,Jan 13,Jan 14,Jan 15,Jan 16,Jan 17,Jan 18,Jan 19,Jan 20,Jan 21,Jan 22,Jan 23,Jan 24,Jan 25,Jan 26,Jan 27,Jan 28,Jan 29,Jan 30,Jan 31,Feb 1,Feb 2,Feb 3,Feb 4,Feb 5,Feb 6,Feb 7,Feb 8,Feb 9,Feb 10,Feb 11,Feb 12,Feb 13,Feb 14,Feb 15,Feb 16,Feb 17,Feb 24,Feb 25,Mar 4,Mar 5,Mar 6"
200,NA,NA,NA,NA,NA,NA,New Delhi,Delhi (state),NA,Unique Ind. South Delhi Apt. facing Lotus Temple,https://www.airbnb.co.in/rooms/797195,1,NA,1,3,1,NA,NA,10%,20%,601,1,2337,3539,13756,"Nov 26,Nov 27,Nov 28,Nov 29,Dec 17,Dec 18"
201,NA,NA,NA,NA,NA,NA,New Delhi,Delhi,NA,Cosy room in a superb apt. and area,https://www.airbnb.co.in/rooms/5538242,1,NA,1,1,1,501,10024,12%,35%,NA,NA,1202,1202,1202,"Feb 1,Feb 2,Feb 3,Feb 4,Feb 5,Feb 6,Feb 7,Feb 8,Feb 9,Feb 10,Feb 11,Feb 12,Feb 13,Feb 14,Feb 15,Feb 16,Feb 17,Feb 18,Feb 19,Feb 20,Feb 21,Feb 22,Feb 23,Feb 24,Feb 25,Feb 26,Feb 27,Feb 28,Mar 1,Mar 2,Mar 3"
202,NA,NA,NA,NA,NA,NA,New Delhi,Delhi,NA,Comfort Stay Near Delhi Airport,https://www.airbnb.co.in/rooms/7375835,1,1,1,2,1,NA,NA,0%,0%,1240,1,2070,4550,25630,"Nov 1,Nov 2,Nov 3,Nov 4,Nov 5,Nov 6,Nov 7,Nov 8,Nov 9,Nov 10,Nov 11,Nov 12,Nov 13,Nov 14,Nov 15,Nov 16,Nov 17,Nov 18,Nov 19,Nov 20,Nov 21,Nov 22,Nov 23,Nov 24,Nov 25,Nov 26,Nov 27,Nov 28,Nov 29,Nov 30,Dec 1,Dec 2,Dec 3,Dec 4,Dec 5,Dec 6,Dec 7,Dec 8,Dec 9,Dec 10,Dec 11,Dec 12,Dec 13,Dec 14,Dec 15,Dec 16,Dec 17,Dec 18,Dec 19,Dec 20,Dec 21,Dec 22,Dec 23,Dec 24,Dec 25,Dec 26,Dec 27,Dec 28,Dec 29,Dec 30,Dec 31,Jan 1,Jan 2,Jan 3,Jan 4,Jan 5,Jan 6,Jan 7,Jan 8,Jan 9,Jan 10,Jan 11,Jan 12,Jan 13,Jan 14,Jan 15,Jan 16,Jan 17,Jan 18,Jan 19,Jan 20,Jan 21,Jan 22,Jan 23,Jan 24,Jan 25,Jan 26,Jan 27,Jan 28,Jan 29,Jan 30,Jan 31,Feb 1,Feb 2,Feb 3,Feb 4,Feb 5,Feb 6,Feb 7,Feb 8,Feb 9,Feb 10,Feb 11,Feb 12,Feb 13,Feb 14,Feb 15,Feb 16,Feb 17,Feb 18,Feb 19,Feb 20,Feb 21,Feb 22,Feb 23,Feb 24,Feb 25,Feb 26,Feb 27,Feb 28,Mar 1,Mar 2,Mar 3,Mar 4,Mar 5,Mar 6,Mar 7,Mar 8,Mar 9,Mar 10,Mar 11,Mar 12,Mar 13,Mar 14,Mar 15,Mar 16,Mar 17,Mar 18,Mar 19,Mar 20,Mar 21,Mar 22,Mar 23,Mar 24,Mar 25,Mar 26,Mar 27,Mar 28,Mar 29,Mar 30,Mar 31,Apr 1,Apr 2,Apr 3,Apr 4,Apr 5,Apr 6,Apr 7,Apr 8,Apr 9,Apr 10,Apr 11,Apr 12,Apr 13,Apr 14,Apr 15,Apr 16,Apr 17,Apr 18,Apr 19,Apr 20,Apr 21,Apr 22,Apr 23,Apr 24,Apr 25,Apr 26,Apr 27,Apr 28,Apr 29,Apr 30,May 1,May 2,May 3,May 4,May 5,May 6,May 7,May 8,May 9,May 10,May 11,May 12,May 13,May 14,May 15,May 16,May 17,May 18,May 19,May 20,May 21,May 22,May 23,May 24,May 25,May 26,May 27,May 28,May 29,May 30,May 31,Jun 1,Jun 2,Jun 3,Jun 4,Jun 5,Jun 6,Jun 7,Jun 8,Jun 9,Jun 10,Jun 11,Jun 12,Jun 13,Jun 14,Jun 15,Jun 16,Jun 17,Jun 18,Jun 19,Jun 20,Jun 21,Jun 22,Jun 23,Jun 24,Jun 25,Jun 26,Jun 27,Jun 28,Jun 29,Jun 30,Jul 1,Jul 2,Jul 3,Jul 4,Jul 5,Jul 6,Jul 7,Jul 8,Jul 9,Jul 10,Jul 11,Jul 12,Jul 13,Jul 14,Jul 15,Jul 16,Jul 17,Jul 18,Jul 19,Jul 20,Jul 21,Jul 22,Jul 23,Jul 24,Jul 25,Jul 26,Jul 27,Jul 28,Jul 29,Jul 30,Jul 31,Aug 1,Aug 2,Aug 3,Aug 4,Aug 5,Aug 6,Aug 7,Aug 8,Aug 9,Aug 10,Aug 11,Aug 12,Aug 13,Aug 14,Aug 15,Aug 16,Aug 17,Aug 18,Aug 19,Aug 20,Aug 21,Aug 22,Aug 23,Aug 24,Aug 25,Aug 26,Aug 27,Aug 28,Aug 29,Aug 30,Aug 31,Sep 1,Sep 2,Sep 3,Sep 4,Sep 5,Sep 6,Sep 7,Sep 8,Sep 9,Sep 10,Sep 11,Sep 12,Sep 13,Sep 14,Sep 15,Sep 16,Sep 17,Sep 18,Sep 19,Sep 20,Sep 21,Sep 22,Sep 23,Sep 24,Sep 25,Sep 26,Sep 27,Sep 28,Sep 29,Sep 30,Oct 1,Oct 2,Oct 3,Oct 4,Oct 5,Oct 6,Oct 7,Oct 8,Oct 9,Oct 10,Oct 11,Oct 12,Oct 13,Oct 14,Oct 15,Oct 16,Oct 17,Oct 18,Oct 19,Oct 20,Oct 21,Oct 22,Oct 23,Oct 24,Oct 25,Oct 26,Oct 27,Oct 28,Oct 29,Oct 30,Oct 31,Nov 1,Nov 2,Nov 3,Nov 4,Nov 5"
203,NA,NA,NA,NA,NA,NA,New Delhi,Delhi,NA,A beautiful apartment & Great Hosts,https://www.airbnb.co.in/rooms/4952498,1,1,1,2,2,752,NA,5%,10%,NA,NA,1536,1536,1536,NA
204,NA,NA,NA,NA,NA,NA,New Delhi,Delhi,NA,"Private Room@Venn premium,New Delhi",https://www.airbnb.co.in/rooms/14240596,1,NA,1,2,1,NA,NA,5%,10%,NA,NA,1201,1201,1201,NA
205,NA,NA,NA,NA,NA,NA,New Delhi,Delhi,NA,"Deluxe room@Venn premium, New Delhi",https://www.airbnb.co.in/rooms/14242085,1,2,1,2,1,NA,NA,5%,10%,NA,NA,1468,1468,1468,NA
206,NA,NA,NA,NA,NA,NA,New Delhi,New Delhi,NA,You will love our large double room,https://www.airbnb.co.in/rooms/225797,1,NA,1,3,1,NA,15035,10%,18%,1002,1,2269,4273,21307,NA
207,NA,NA,NA,NA,NA,NA,New Delhi,Delhi,NA,THE PEARL - A Royal Residency,https://www.airbnb.co.in/rooms/4449916,1,NA,1,2,1,NA,NA,10%,15%,1002,1,2404,4408,21442,NA
208,NA,NA,NA,NA,NA,NA,Gurgaon,Haryana,NA,Airy & spacious A/C Private Room + Kitchen,https://www.airbnb.co.in/rooms/13380640,1,1,1,2,1,NA,NA,20%,30%,NA,NA,1669,1669,1669,"Apr 1,Apr 2,Apr 3,Apr 4,Apr 5,Apr 6,Apr 7,Apr 8,Apr 9,Apr 10,Apr 11,Apr 12,Apr 13,Apr 14,Apr 15,Apr 16,Apr 17,Apr 18,Apr 19,Apr 20,Apr 21,Apr 22,Apr 23,Apr 24,Apr 25,Apr 26,Apr 27,Apr 28,Apr 29,Apr 30,May 1,May 2,May 3,May 4,May 5,May 6,May 7,May 8,May 9,May 10,May 11,May 12,May 13,May 14,May 15,May 16,May 17,May 18,May 19,May 20,May 21,May 22,May 23,May 24,May 25,May 26,May 27,May 28,May 29,May 30,May 31,Jun 1,Jun 2,Jun 3,Jun 4,Jun 5,Jun 6,Jun 7,Jun 8,Jun 9,Jun 10,Jun 11,Jun 12,Jun 13,Jun 14,Jun 15,Jun 16,Jun 17,Jun 18,Jun 19,Jun 20,Jun 21,Jun 22,Jun 23,Jun 24,Jun 25,Jun 26,Jun 27,Jun 28,Jun 29,Jun 30,Jul 1,Jul 2,Jul 3,Jul 4,Jul 5,Jul 6,Jul 7,Jul 8,Jul 9,Jul 10,Jul 11,Jul 12,Jul 13,Jul 14,Jul 15,Jul 16,Jul 17,Jul 18,Jul 19,Jul 20,Jul 21,Jul 22,Jul 23,Jul 24,Jul 25,Jul 26,Jul 27,Jul 28,Jul 29,Jul 30,Jul 31,Aug 1,Aug 2,Aug 3,Aug 4,Aug 5,Aug 6,Aug 7,Aug 8,Aug 9,Aug 10,Aug 11,Aug 12,Aug 13,Aug 14,Aug 15,Aug 16,Aug 17,Aug 18,Aug 19,Aug 20,Aug 21,Aug 22,Aug 23,Aug 24,Aug 25,Aug 26,Aug 27,Aug 28,Aug 29,Aug 30,Aug 31,Sep 1,Sep 2,Sep 3,Sep 4,Sep 5,Sep 6,Sep 7,Sep 8,Sep 9,Sep 10,Sep 11,Sep 12,Sep 13,Sep 14,Sep 15,Sep 16,Sep 17,Sep 18,Sep 19,Sep 20,Sep 21,Sep 22,Sep 23,Sep 24,Sep 25,Sep 26,Sep 27,Sep 28,Sep 29,Sep 30,Oct 1,Oct 2,Oct 3,Oct 4,Oct 5,Oct 6,Oct 7,Oct 8,Oct 9,Oct 10,Oct 11,Oct 12,Oct 13,Oct 14,Oct 15,Oct 16,Oct 17,Oct 18,Oct 19,Oct 20,Oct 21,Oct 22,Oct 23,Oct 24,Oct 25,Oct 26,Oct 27,Oct 28,Oct 29,Oct 30,Oct 31,Nov 1,Nov 2,Nov 3,Nov 4,Nov 5"
209,NA,NA,NA,NA,NA,NA,Gurgaon,Haryana,NA,Private Serviced Suite with attached balcony,https://www.airbnb.co.in/rooms/9071017,1,NA,1,2,1,NA,NA,15%,30%,NA,NA,2670,2670,2670,NA
210,NA,NA,NA,NA,NA,NA,New Delhi,Delhi,NA,"an eclectic home with books, art and a studio",https://www.airbnb.co.in/rooms/4272095,1,2,1,2,1,NA,7518,NA,NA,NA,NA,5676,5676,5676,"Dec 30,Dec 31,Jan 1,Jan 2,Jan 3,Jan 4,Jan 5,Jan 6,Jan 7,Jan 8,Jan 9,Jan 10,Jan 11,Jan 12,Jan 13,Jan 14,Jan 15,Jan 16,Jan 17,Jan 18,Jan 19,Jan 20,Jan 21,Jan 22,Jan 23,Jan 24,Jan 25,Jan 26,Jan 27,Jan 28,Jan 29,Jan 30,Jan 31,Feb 1,Feb 2,Feb 3,Feb 4,Feb 5,Feb 6,Feb 7,Feb 8,Feb 9,Feb 10,Feb 11,Feb 12,Feb 13,Feb 14,Feb 15,Feb 16,Feb 17,Feb 18,Feb 19,Feb 20,Feb 21,Feb 22,Feb 23,Feb 24,Feb 25,Feb 26,Feb 27,Feb 28,Mar 1,Mar 2,Mar 3,Mar 4,Mar 5,Mar 6,Mar 7,Mar 8,Mar 9,Mar 10,Mar 11,Mar 12,Mar 13,Mar 14,Mar 15,Mar 16,Mar 17,Mar 18,Mar 19,Mar 20,Mar 21,Mar 22,Mar 23,Mar 24,Mar 25,Mar 26,Mar 27,Mar 28,Mar 29,Mar 30,Mar 31,Apr 1,Apr 2,Apr 3,Apr 4,Apr 5,Apr 6,Apr 7,Apr 8,Apr 9,Apr 10,Apr 11,Apr 12,Apr 13,Apr 14,Apr 15,Apr 16,Apr 17,Apr 18,Apr 19,Apr 20,Apr 21,Apr 22,Apr 23,Apr 24,Apr 25,Apr 26,Apr 27,Apr 28,Apr 29,Apr 30,May 1,May 2,May 3,May 4,May 5,May 6,May 7,May 8,May 9,May 10,May 11,May 12,May 13,May 14,May 15,May 16,May 17,May 18,May 19,May 20,May 21,May 22,May 23,May 24,May 25,May 26,May 27,May 28,May 29,May 30,May 31,Jun 1,Jun 2,Jun 3,Jun 4,Jun 5,Jun 6,Jun 7,Jun 8,Jun 9,Jun 10,Jun 11,Jun 12,Jun 13,Jun 14,Jun 15,Jun 16,Jun 17,Jun 18,Jun 19,Jun 20,Jun 21,Jun 22,Jun 23,Jun 24,Jun 25,Jun 26,Jun 27,Jun 28,Jun 29,Jun 30,Jul 1,Jul 2,Jul 3,Jul 4,Jul 5,Jul 6,Jul 7,Jul 8,Jul 9,Jul 10,Jul 11,Jul 12,Jul 13,Jul 14,Jul 15,Jul 16,Jul 17,Jul 18,Jul 19,Jul 20,Jul 21,Jul 22,Jul 23,Jul 24,Jul 25,Jul 26,Jul 27,Jul 28,Jul 29,Jul 30,Jul 31,Aug 1,Aug 2,Aug 3,Aug 4,Aug 5,Aug 6,Aug 7,Aug 8,Aug 9,Aug 10,Aug 11,Aug 12,Aug 13,Aug 14,Aug 15,Aug 16,Aug 17,Aug 18,Aug 19,Aug 20,Aug 21,Aug 22,Aug 23,Aug 24,Aug 25,Aug 26,Aug 27,Aug 28,Aug 29,Aug 30,Aug 31,Sep 1,Sep 2,Sep 3,Sep 4,Sep 5,Sep 6,Sep 7,Sep 8,Sep 9,Sep 10,Sep 11,Sep 12,Sep 13,Sep 14,Sep 15,Sep 16,Sep 17,Sep 18,Sep 19,Sep 20,Sep 21,Sep 22,Sep 23,Sep 24,Sep 25,Sep 26,Sep 27,Sep 28,Sep 29,Sep 30,Oct 1,Oct 2,Oct 3,Oct 4,Oct 5,Oct 6,Oct 7,Oct 8,Oct 9,Oct 10,Oct 11,Oct 12,Oct 13,Oct 14,Oct 15,Oct 16,Oct 17,Oct 18,Oct 19,Oct 20,Oct 21,Oct 22,Oct 23,Oct 24,Oct 25,Oct 26,Oct 27,Oct 28,Oct 29,Oct 30,Oct 31,Nov 1,Nov 2,Nov 3,Nov 4,Nov 5"
211,NA,NA,NA,NA,NA,NA,New Delhi,Delhi,NA,shared room  at new delhi,https://www.airbnb.co.in/rooms/6319628,1,NA,1.5,2,1,NA,NA,NA,NA,NA,NA,1001,1001,1001,"Nov 1,Nov 2,Nov 3,Nov 4,Nov 5,Nov 6,Nov 7,Nov 8,Nov 9,Nov 10,Nov 11,Nov 12,Nov 13,Nov 14,Nov 15,Nov 16,Nov 17,Nov 18,Nov 19,Nov 20,Nov 21,Nov 22,Nov 23,Nov 24,Nov 25,Nov 26,Nov 27,Nov 28,Nov 29,Nov 30,Dec 1,Dec 2,Dec 3,Dec 4,Dec 5,Dec 6,Dec 7,Dec 8,Dec 9,Dec 10,Dec 11,Dec 12,Dec 13,Dec 14,Dec 15,Dec 16,Dec 17,Dec 18,Dec 19,Dec 20,Dec 21,Dec 22,Dec 23,Dec 24,Dec 25,Dec 26,Dec 27,Dec 28,Dec 29,Dec 30,Dec 31,Jan 1,Jan 2,Jan 3,Jan 4,Jan 5,Jan 6,Jan 7,Jan 8,Jan 9,Jan 10,Jan 11,Jan 12,Jan 13,Jan 14,Jan 15,Jan 16,Jan 17,Jan 18,Jan 19,Jan 20,Jan 21,Jan 22,Jan 23,Jan 24,Jan 25,Jan 26,Jan 27,Jan 28,Jan 29,Jan 30,Jan 31,Feb 1,Feb 2,Feb 3,Feb 4,Feb 5,Feb 6,Feb 7,Feb 8,Feb 9,Feb 10,Feb 11,Feb 12,Feb 13,Feb 14,Feb 15,Feb 16,Feb 17,Feb 18,Feb 19,Feb 20,Feb 21,Feb 22,Feb 23,Feb 24,Feb 25,Feb 26,Feb 27,Feb 28,Mar 1,Mar 2,Mar 3,Mar 4,Mar 5,Mar 6,Mar 7,Mar 8,Mar 9,Mar 10,Mar 11,Mar 12,Mar 13,Mar 14,Mar 15,Mar 16,Mar 17,Mar 18,Mar 19,Mar 20,Mar 21,Mar 22,Mar 23,Mar 24,Mar 25,Mar 26,Mar 27,Mar 28,Mar 29,Mar 30,Mar 31,Apr 1,Apr 2,Apr 3,Apr 4,Apr 5,Apr 6,Apr 7,Apr 8,Apr 9,Apr 10,Apr 11,Apr 12,Apr 13,Apr 14,Apr 15,Apr 16,Apr 17,Apr 18,Apr 19,Apr 20,Apr 21,Apr 22,Apr 23,Apr 24,Apr 25,Apr 26,Apr 27,Apr 28,Apr 29,Apr 30,May 1,May 2,May 3,May 4,May 5,May 6,May 7,May 8,May 9,May 10,May 11,May 12,May 13,May 14,May 15,May 16,May 17,May 18,May 19,May 20,May 21,May 22,May 23,May 24,May 25,May 26,May 27,May 28,May 29,May 30,May 31,Jun 1,Jun 2,Jun 3,Jun 4,Jun 5,Jun 6,Jun 7,Jun 8,Jun 9,Jun 10,Jun 11,Jun 12,Jun 13,Jun 14,Jun 15,Jun 16,Jun 17,Jun 18,Jun 19,Jun 20,Jun 21,Jun 22,Jun 23,Jun 24,Jun 25,Jun 26,Jun 27,Jun 28,Jun 29,Jun 30,Jul 1,Jul 2,Jul 3,Jul 4,Jul 5,Jul 6,Jul 7,Jul 8,Jul 9,Jul 10,Jul 11,Jul 12,Jul 13,Jul 14,Jul 15,Jul 16,Jul 17,Jul 18,Jul 19,Jul 20,Jul 21,Jul 22,Jul 23,Jul 24,Jul 25,Jul 26,Jul 27,Jul 28,Jul 29,Jul 30,Jul 31,Aug 1,Aug 2,Aug 3,Aug 4,Aug 5,Aug 6,Aug 7,Aug 8,Aug 9,Aug 10,Aug 11,Aug 12,Aug 13,Aug 14,Aug 15,Aug 16,Aug 17,Aug 18,Aug 19,Aug 20,Aug 21,Aug 22,Aug 23,Aug 24,Aug 25,Aug 26,Aug 27,Aug 28,Aug 29,Aug 30,Aug 31,Sep 1,Sep 2,Sep 3,Sep 4,Sep 5,Sep 6,Sep 7,Sep 8,Sep 9,Sep 10,Sep 11,Sep 12,Sep 13,Sep 14,Sep 15,Sep 16,Sep 17,Sep 18,Sep 19,Sep 20,Sep 21,Sep 22,Sep 23,Sep 24,Sep 25,Sep 26,Sep 27,Sep 28,Sep 29,Sep 30,Oct 1,Oct 2,Oct 3,Oct 4,Oct 5,Oct 6,Oct 7,Oct 8,Oct 9,Oct 10,Oct 11,Oct 12,Oct 13,Oct 14,Oct 15,Oct 16,Oct 17,Oct 18,Oct 19,Oct 20,Oct 21,Oct 22,Oct 23,Oct 24,Oct 25,Oct 26,Oct 27,Oct 28,Oct 29,Oct 30,Oct 31,Nov 1,Nov 2,Nov 3,Nov 4,Nov 5"
212,NA,NA,NA,NA,NA,NA,New Delhi,Delhi,NA,Live in the Heart of South Delhi!,https://www.airbnb.co.in/rooms/4597504,2,NA,2,4,2,NA,NA,10%,25%,NA,NA,3805,3805,3805,"Nov 6,Nov 7,Nov 8,Nov 9,Nov 10,Nov 11,Nov 12,Nov 13,Nov 20,Nov 21,Nov 22,Nov 23,Nov 24,Nov 25,Nov 26,Dec 19,Dec 20,Dec 21,Dec 22,Dec 31,Jan 1,Jan 2,Jan 3,Jan 4,Jan 5,Jan 18,Jan 19,Jan 20,Jan 21,Jan 22,Feb 8,Feb 9,Feb 10,Feb 11,Feb 12,Feb 13,Feb 14"
213,NA,NA,NA,NA,NA,NA,New Delhi,Delhi,NA,Cozy room. Easy transport. General Shops 20ft away,https://www.airbnb.co.in/rooms/15198195,1,1,1,2,1,NA,NA,NA,NA,752,1,735,2239,15023,NA
214,NA,NA,NA,NA,NA,NA,Gurgaon,Haryana,NA,Silver ark - cyber city MG Road,https://www.airbnb.co.in/rooms/8200756,1,1,1,2,1,NA,NA,10%,15%,501,1,2470,3472,11989,NA
215,NA,NA,NA,NA,NA,NA,Gurgaon,Haryana,NA,Homely 1 spacious A/C Private room + Kitchen,https://www.airbnb.co.in/rooms/13372691,1,NA,1,2,1,NA,NA,20%,30%,NA,NA,1669,1669,1669,"Mar 30,Mar 31,Apr 1,Apr 2,Apr 3,Apr 4,Apr 5,Apr 6,Apr 7,Apr 8,Apr 9,Apr 10,Apr 11,Apr 12,Apr 13,Apr 14,Apr 15,Apr 16,Apr 17,Apr 18,Apr 19,Apr 20,Apr 21,Apr 22,Apr 23,Apr 24,Apr 25,Apr 26,Apr 27,Apr 28,Apr 29,Apr 30,May 1,May 2,May 3,May 4,May 5,May 6,May 7,May 8,May 9,May 10,May 11,May 12,May 13,May 14,May 15,May 16,May 17,May 18,May 19,May 20,May 21,May 22,May 23,May 24,May 25,May 26,May 27,May 28,May 29,May 30,May 31,Jun 1,Jun 2,Jun 3,Jun 4,Jun 5,Jun 6,Jun 7,Jun 8,Jun 9,Jun 10,Jun 11,Jun 12,Jun 13,Jun 14,Jun 15,Jun 16,Jun 17,Jun 18,Jun 19,Jun 20,Jun 21,Jun 22,Jun 23,Jun 24,Jun 25,Jun 26,Jun 27,Jun 28,Jun 29,Jun 30,Jul 1,Jul 2,Jul 3,Jul 4,Jul 5,Jul 6,Jul 7,Jul 8,Jul 9,Jul 10,Jul 11,Jul 12,Jul 13,Jul 14,Jul 15,Jul 16,Jul 17,Jul 18,Jul 19,Jul 20,Jul 21,Jul 22,Jul 23,Jul 24,Jul 25,Jul 26,Jul 27,Jul 28,Jul 29,Jul 30,Jul 31,Aug 1,Aug 2,Aug 3,Aug 4,Aug 5,Aug 6,Aug 7,Aug 8,Aug 9,Aug 10,Aug 11,Aug 12,Aug 13,Aug 14,Aug 15,Aug 16,Aug 17,Aug 18,Aug 19,Aug 20,Aug 21,Aug 22,Aug 23,Aug 24,Aug 25,Aug 26,Aug 27,Aug 28,Aug 29,Aug 30,Aug 31,Sep 1,Sep 2,Sep 3,Sep 4,Sep 5,Sep 6,Sep 7,Sep 8,Sep 9,Sep 10,Sep 11,Sep 12,Sep 13,Sep 14,Sep 15,Sep 16,Sep 17,Sep 18,Sep 19,Sep 20,Sep 21,Sep 22,Sep 23,Sep 24,Sep 25,Sep 26,Sep 27,Sep 28,Sep 29,Sep 30,Oct 1,Oct 2,Oct 3,Oct 4,Oct 5,Oct 6,Oct 7,Oct 8,Oct 9,Oct 10,Oct 11,Oct 12,Oct 13,Oct 14,Oct 15,Oct 16,Oct 17,Oct 18,Oct 19,Oct 20,Oct 21,Oct 22,Oct 23,Oct 24,Oct 25,Oct 26,Oct 27,Oct 28,Oct 29,Oct 30,Oct 31,Nov 1,Nov 2,Nov 3,Nov 4,Nov 5"
216,NA,NA,NA,NA,NA,NA,New Delhi,Delhi,NA,Sanatan Home,https://www.airbnb.co.in/rooms/10047061,1,NA,0.5,1,1,501,NA,NA,NA,NA,NA,1535,1535,1535,NA
217,NA,NA,NA,NA,NA,NA,New Delhi,Delhi,NA,3 Bedroom Apartment in Chittaranjan Park,https://www.airbnb.co.in/rooms/4106190,1,NA,1,2,3,NA,NA,10%,0%,NA,NA,1135,1135,1135,NA
218,NA,NA,NA,NA,NA,NA,New Delhi,New Delhi,NA,5* Homestay-IndianFamily-Meals Avlb,https://www.airbnb.co.in/rooms/142800,1,6,1.5,8,1,NA,NA,0%,0%,1203,2,1336,2539,22990,Nov 1
219,NA,NA,NA,NA,NA,NA,New Delhi,Delhi,NA,A house with a hammock,https://www.airbnb.co.in/rooms/13355070,1,1,1,2,1,NA,NA,NA,NA,1082,1,2069,4233,22627,"Dec 23,Dec 24,Dec 25"
220,NA,NA,NA,NA,NA,NA,Gurgaon,Haryana,NA,Elegant AC Room near Huda City Centre in Sec 40,https://www.airbnb.co.in/rooms/14509213,1,NA,1,2,1,NA,NA,NA,NA,NA,NA,1669,1669,1669,NA
221,NA,NA,NA,NA,NA,NA,New Delhi,Delhi,NA,"Anara Homes, The Jet Studio, GK II",https://www.airbnb.co.in/rooms/11031547,1,NA,1,2,1,NA,NA,10%,15%,NA,NA,4005,4005,4005,"Dec 21,Dec 26"
222,NA,NA,NA,NA,NA,NA,New Delhi,Delhi,NA,Home with Five Star Facilities,https://www.airbnb.co.in/rooms/15154170,3,NA,3,16+,Fridays,952,NA,7%,10%,501,6,5273,5273,12287,"Nov 11,Nov 12,Nov 14,Nov 15,Nov 16,Nov 17,Nov 23,Nov 24,Nov 25,Nov 26,Dec 5,Dec 6,Dec 7,Dec 8,Dec 9,Dec 10,Dec 11,Dec 12,Jan 6,Jan 7,Jan 8,Jan 9,Jan 10,Feb 3,Feb 4,Mar 3,Mar 4"
223,NA,NA,NA,NA,NA,NA,New Delhi,Delhi,NA,The Estate Bed & Breakfast,https://www.airbnb.co.in/rooms/470939,1,NA,1,2,1,NA,NA,10%,10%,NA,NA,4873,4873,4873,"Nov 14,Nov 15,Nov 20,Nov 21,Nov 22,Dec 23,Dec 24,Dec 25,Dec 26,Dec 27,Dec 28,Dec 29,Dec 30,Dec 31,Jan 1,Jan 2"
224,NA,NA,NA,NA,NA,NA,New Delhi,Delhi,NA,Room for women in shared flat.,https://www.airbnb.co.in/rooms/11564703,1,NA,1,1,1,NA,NA,NA,NA,NA,NA,801,801,801,NA
225,NA,NA,NA,NA,NA,NA,New Delhi,Delhi,NA,Where comfort meets culture delhi:),https://www.airbnb.co.in/rooms/5585644,1,NA,1,2,1,NA,NA,15%,20%,601,1,667,1869,12086,"Nov 4,Nov 5,Nov 6,Nov 7,Nov 8,Nov 9,Nov 10,Nov 11,Nov 12"
226,NA,NA,NA,NA,NA,NA,New Delhi,Delhi,NA,Flat Near Saket New Delhi,https://www.airbnb.co.in/rooms/11373386,1,NA,1,1,1,NA,NA,10%,0%,NA,NA,2203,2203,2203,NA
227,NA,NA,NA,NA,NA,NA,New Delhi,DL,NA,Studio apt in hauz khas 1 floor,https://www.airbnb.co.in/rooms/7927382,0,1,1,2,1,NA,NA,0%,0%,NA,NA,3404,3404,3404,NA
228,NA,NA,NA,NA,NA,NA,New Delhi,Delhi,NA,Quaint and cosy room in south delhi,https://www.airbnb.co.in/rooms/655211,1,NA,0.5,1,1,NA,NA,9%,15%,NA,NA,1402,1402,1402,"Dec 30,Dec 31,Jan 1,Jan 2,Jan 3,Jan 4,Jan 5,Jan 6,Jan 7,Jan 8,Jan 9,Jan 10,Jan 11,Jan 12,Jan 13,Jan 14,Jan 15,Jan 16,Jan 17,Jan 18,Jan 19,Jan 20,Jan 21,Jan 22,Jan 23,Jan 24,Jan 25,Jan 26,Jan 27,Jan 28,Jan 29,Jan 30,Jan 31,Feb 1,Feb 2,Feb 3,Feb 4,Feb 5,Feb 6,Feb 7,Feb 8,Feb 9,Feb 10,Feb 11,Feb 12,Feb 13,Feb 14,Feb 15,Feb 16,Feb 17,Feb 18,Feb 19,Feb 20,Feb 21,Feb 22,Feb 23,Feb 24,Feb 25,Feb 26,Feb 27,Feb 28,Mar 1,Mar 2,Mar 3,Mar 4,Mar 5,Mar 6,Mar 7,Mar 8,Mar 9,Mar 10,Mar 11,Mar 12,Mar 13,Mar 14,Mar 15,Mar 16,Mar 17,Mar 18,Mar 19,Mar 20,Mar 21,Mar 22,Mar 23,Mar 24,Mar 25,Mar 26,Mar 27,Mar 28,Mar 29,Mar 30,Mar 31,Apr 1,Apr 2,Apr 3,Apr 4,Apr 5,Apr 6,Apr 7,Apr 8,Apr 9,Apr 10,Apr 11,Apr 12,Apr 13,Apr 14,Apr 15,Apr 16,Apr 17,Apr 18,Apr 19,Apr 20,Apr 21,Apr 22,Apr 23,Apr 24,Apr 25,Apr 26,Apr 27,Apr 28,Apr 29,Apr 30,May 1,May 2,May 3,May 4,May 5,May 6,May 7,May 8,May 9,May 10,May 11,May 12,May 13,May 14,May 15,May 16,May 17,May 18,May 19,May 20,May 21,May 22,May 23,May 24,May 25,May 26,May 27,May 28,May 29,May 30,May 31,Jun 1,Jun 2,Jun 3,Jun 4,Jun 5,Jun 6,Jun 7,Jun 8,Jun 9,Jun 10,Jun 11,Jun 12,Jun 13,Jun 14,Jun 15,Jun 16,Jun 17,Jun 18,Jun 19,Jun 20,Jun 21,Jun 22,Jun 23,Jun 24,Jun 25,Jun 26,Jun 27,Jun 28,Jun 29,Jun 30,Jul 1,Jul 2,Jul 3,Jul 4,Jul 5,Jul 6,Jul 7,Jul 8,Jul 9,Jul 10,Jul 11,Jul 12,Jul 13,Jul 14,Jul 15,Jul 16,Jul 17,Jul 18,Jul 19,Jul 20,Jul 21,Jul 22,Jul 23,Jul 24,Jul 25,Jul 26,Jul 27,Jul 28,Jul 29,Jul 30,Jul 31,Aug 1,Aug 2,Aug 3,Aug 4,Aug 5,Aug 6,Aug 7,Aug 8,Aug 9,Aug 10,Aug 11,Aug 12,Aug 13,Aug 14,Aug 15,Aug 16,Aug 17,Aug 18,Aug 19,Aug 20,Aug 21,Aug 22,Aug 23,Aug 24,Aug 25,Aug 26,Aug 27,Aug 28,Aug 29,Aug 30,Aug 31,Sep 1,Sep 2,Sep 3,Sep 4,Sep 5,Sep 6,Sep 7,Sep 8,Sep 9,Sep 10,Sep 11,Sep 12,Sep 13,Sep 14,Sep 15,Sep 16,Sep 17,Sep 18,Sep 19,Sep 20,Sep 21,Sep 22,Sep 23,Sep 24,Sep 25,Sep 26,Sep 27,Sep 28,Sep 29,Sep 30,Oct 1,Oct 2,Oct 3,Oct 4,Oct 5,Oct 6,Oct 7,Oct 8,Oct 9,Oct 10,Oct 11,Oct 12,Oct 13,Oct 14,Oct 15,Oct 16,Oct 17,Oct 18,Oct 19,Oct 20,Oct 21,Oct 22,Oct 23,Oct 24,Oct 25,Oct 26,Oct 27,Oct 28,Oct 29,Oct 30,Oct 31,Nov 1,Nov 2,Nov 3,Nov 4,Nov 5"
229,NA,NA,NA,NA,NA,NA,New Delhi,Delhi,NA,Sesen- a clean & comfortable stay,https://www.airbnb.co.in/rooms/12750221,1,NA,1,2,1,NA,NA,NA,NA,NA,NA,5008,5008,5008,NA
230,NA,NA,NA,NA,NA,NA,Gurgaon,Haryana,NA,RM 5- Luxury Guesthouse Suncity,https://www.airbnb.co.in/rooms/13167417,1,1,1,2,1,NA,NA,10%,20%,NA,NA,2737,2737,2737,NA
231,NA,NA,NA,NA,NA,NA,New Delhi,Delhi,NA,NOIDA EXPO - with SUPERHOSTS,https://www.airbnb.co.in/rooms/129818,1,NA,1,2,1,NA,NA,0%,0%,NA,NA,1335,1335,1335,NA
232,NA,NA,NA,NA,NA,NA,New Delhi,Delhi,NA,Swagatam. A home away from home.,https://www.airbnb.co.in/rooms/12936511,1,NA,1,2,1,NA,NA,10%,20%,NA,NA,2670,2670,2670,NA
233,NA,NA,NA,NA,NA,NA,New Delhi,Delhi,NA,ART LIVING,https://www.airbnb.co.in/rooms/14179467,3,NA,3,4,1,NA,NA,15%,25%,NA,NA,1802,1802,1802,"Nov 1,Nov 2,Nov 3,Nov 4,Nov 5,Nov 6,Nov 7,Nov 8,Nov 9,Nov 10,Nov 11,Nov 12,Nov 13,Nov 14,Nov 15,Nov 16,Nov 17,Nov 18,Nov 19,Nov 20,Nov 21,Nov 22,Nov 23,Nov 24,Nov 25,Nov 26,Nov 27,Nov 28,Nov 29,Nov 30,Dec 1,Dec 2,Dec 3,Dec 4,Dec 5,Dec 6,Dec 7,Dec 8,Dec 9,Dec 10,Dec 11,Dec 12,Dec 13,Dec 14,Dec 15,Dec 16,Dec 17,Dec 18,Dec 19,Dec 20,Dec 21,Dec 22,Dec 23,Dec 24,Dec 25,Dec 26,Dec 27,Dec 28,Dec 29,Dec 30,Dec 31,Jan 1,Jan 2,Jan 3,Jan 4,Jan 5,Jan 6,Jan 7,Jan 8,Jan 9,Jan 10,Jan 11,Jan 12,Jan 13,Jan 14,Jan 15,Jan 16,Jan 17,Jan 18,Jan 19,Jan 20,Jan 21,Jan 22,Jan 23,Jan 24,Jan 25,Jan 26,Jan 27,Jan 28,Jan 29,Jan 30,Jan 31,Feb 1,Feb 2,Feb 3,Feb 4,Feb 5,Feb 6,Feb 7,Feb 8,Feb 9,Feb 10,Feb 11,Feb 12,Feb 13,Feb 14,Feb 15,Feb 16,Feb 17,Feb 18,Feb 19,Feb 20,Feb 21,Feb 22,Feb 23,Feb 24,Feb 25,Feb 26,Feb 27,Feb 28,Mar 1,Mar 2,Mar 3,Mar 4,Mar 5,Mar 6,Mar 7,Mar 8,Mar 9,Mar 10,Mar 11,Mar 12,Mar 13,Mar 14,Mar 15,Mar 16,Mar 17,Mar 18,Mar 19,Mar 20,Mar 21,Mar 22,Mar 23,Mar 24,Mar 25,Mar 26,Mar 27,Mar 28,Mar 29,Mar 30,Mar 31,Apr 1,Apr 2,Apr 3,Apr 4,Apr 5,Apr 6,Apr 7,Apr 8,Apr 9,Apr 10,Apr 11,Apr 12,Apr 13,Apr 14,Apr 15,Apr 16,Apr 17,Apr 18,Apr 19,Apr 20,Apr 21,Apr 22,Apr 23,Apr 24,Apr 25,Apr 26,Apr 27,Apr 28,Apr 29,Apr 30,May 1,May 2,May 3,May 4,May 5,May 6,May 7,May 8,May 9,May 10,May 11,May 12,May 13,May 14,May 15,May 16,May 17,May 18,May 19,May 20,May 21,May 22,May 23,May 24,May 25,May 26,May 27,May 28,May 29,May 30,May 31,Jun 1,Jun 2,Jun 3,Jun 4,Jun 5,Jun 6,Jun 7,Jun 8,Jun 9,Jun 10,Jun 11,Jun 12,Jun 13,Jun 14,Jun 15,Jun 16,Jun 17,Jun 18,Jun 19,Jun 20,Jun 21,Jun 22,Jun 23,Jun 24,Jun 25,Jun 26,Jun 27,Jun 28,Jun 29,Jun 30,Jul 1,Jul 2,Jul 3,Jul 4,Jul 5,Jul 6,Jul 7,Jul 8,Jul 9,Jul 10,Jul 11,Jul 12,Jul 13,Jul 14,Jul 15,Jul 16,Jul 17,Jul 18,Jul 19,Jul 20,Jul 21,Jul 22,Jul 23,Jul 24,Jul 25,Jul 26,Jul 27,Jul 28,Jul 29,Jul 30,Jul 31,Aug 1,Aug 2,Aug 3,Aug 4,Aug 5,Aug 6,Aug 7,Aug 8,Aug 9,Aug 10,Aug 11,Aug 12,Aug 13,Aug 14,Aug 15,Aug 16,Aug 17,Aug 18,Aug 19,Aug 20,Aug 21,Aug 22,Aug 23,Aug 24,Aug 25,Aug 26,Aug 27,Aug 28,Aug 29,Aug 30,Aug 31,Sep 1,Sep 2,Sep 3,Sep 4,Sep 5,Sep 6,Sep 7,Sep 8,Sep 9,Sep 10,Sep 11,Sep 12,Sep 13,Sep 14,Sep 15,Sep 16,Sep 17,Sep 18,Sep 19,Sep 20,Sep 21,Sep 22,Sep 23,Sep 24,Sep 25,Sep 26,Sep 27,Sep 28,Sep 29,Sep 30,Oct 1,Oct 2,Oct 3,Oct 4,Oct 5,Oct 6,Oct 7,Oct 8,Oct 9,Oct 10,Oct 11,Oct 12,Oct 13,Oct 14,Oct 15,Oct 16,Oct 17,Oct 18,Oct 19,Oct 20,Oct 21,Oct 22,Oct 23,Oct 24,Oct 25,Oct 26,Oct 27,Oct 28,Oct 29,Oct 30,Oct 31,Nov 1,Nov 2,Nov 3,Nov 4,Nov 5"
234,NA,NA,NA,NA,NA,NA,Gurgaon,Haryana,NA,Cosy Room in 3BHK Flat,https://www.airbnb.co.in/rooms/10876176,1,NA,1,1,1,NA,NA,20%,0%,NA,NA,1002,1002,1002,"Nov 1,Nov 2,Nov 3,Nov 4,Nov 5,Nov 6,Nov 7,Nov 8,Nov 9,Nov 10,Nov 11,Nov 12,Nov 13,Nov 14,Nov 15,Nov 16,Nov 17,Nov 18,Nov 19,Nov 20,Nov 21,Nov 22,Nov 23,Nov 24,Nov 25,Nov 26,Nov 27,Nov 28,Nov 29,Nov 30,Dec 1,Dec 2,Dec 3,Dec 4,Dec 5,Dec 6,Dec 7,Dec 8,Dec 9,Dec 10,Dec 11,Dec 12,Dec 13,Dec 14,Dec 15,Dec 16,Dec 17,Dec 18,Dec 19,Dec 20,Dec 21,Dec 22,Dec 23,Dec 24,Dec 25,Dec 26,Dec 27,Dec 28,Dec 29,Dec 30,Dec 31,Jan 1,Jan 2,Jan 3,Jan 4,Jan 5,Jan 6,Jan 7,Jan 8,Jan 9,Jan 10,Jan 11,Jan 12,Jan 13,Jan 14,Jan 15,Jan 16,Jan 17,Jan 18,Jan 19,Jan 20,Jan 21,Jan 22,Jan 23,Jan 24,Jan 25,Jan 26,Jan 27,Jan 28,Jan 29,Jan 30,Jan 31,Feb 1,Feb 2,Feb 3,Feb 4,Feb 5,Feb 6,Feb 7,Feb 8,Feb 9,Feb 10,Feb 11,Feb 12,Feb 13,Feb 14,Feb 15,Feb 16,Feb 17,Feb 18,Feb 19,Feb 20,Feb 21,Feb 22,Feb 23,Feb 24,Feb 25,Feb 26,Feb 27,Feb 28,Mar 1,Mar 2,Mar 3,Mar 4,Mar 5,Mar 6,Mar 7,Mar 8,Mar 9,Mar 10,Mar 11,Mar 12,Mar 13,Mar 14,Mar 15,Mar 16,Mar 17,Mar 18,Mar 19,Mar 20,Mar 21,Mar 22,Mar 23,Mar 24,Mar 25,Mar 26,Mar 27,Mar 28,Mar 29,Mar 30,Mar 31,Apr 1,Apr 2,Apr 3,Apr 4,Apr 5,Apr 6,Apr 7,Apr 8,Apr 9,Apr 10,Apr 11,Apr 12,Apr 13,Apr 14,Apr 15,Apr 16,Apr 17,Apr 18,Apr 19,Apr 20,Apr 21,Apr 22,Apr 23,Apr 24,Apr 25,Apr 26,Apr 27,Apr 28,Apr 29,Apr 30,May 1,May 2,May 3,May 4,May 5,May 6,May 7,May 8,May 9,May 10,May 11,May 12,May 13,May 14,May 15,May 16,May 17,May 18,May 19,May 20,May 21,May 22,May 23,May 24,May 25,May 26,May 27,May 28,May 29,May 30,May 31,Jun 1,Jun 2,Jun 3,Jun 4,Jun 5,Jun 6,Jun 7,Jun 8,Jun 9,Jun 10,Jun 11,Jun 12,Jun 13,Jun 14,Jun 15,Jun 16,Jun 17,Jun 18,Jun 19,Jun 20,Jun 21,Jun 22,Jun 23,Jun 24,Jun 25,Jun 26,Jun 27,Jun 28,Jun 29,Jun 30,Jul 1,Jul 2,Jul 3,Jul 4,Jul 5,Jul 6,Jul 7,Jul 8,Jul 9,Jul 10,Jul 11,Jul 12,Jul 13,Jul 14,Jul 15,Jul 16,Jul 17,Jul 18,Jul 19,Jul 20,Jul 21,Jul 22,Jul 23,Jul 24,Jul 25,Jul 26,Jul 27,Jul 28,Jul 29,Jul 30,Jul 31,Aug 1,Aug 2,Aug 3,Aug 4,Aug 5,Aug 6,Aug 7,Aug 8,Aug 9,Aug 10,Aug 11,Aug 12,Aug 13,Aug 14,Aug 15,Aug 16,Aug 17,Aug 18,Aug 19,Aug 20,Aug 21,Aug 22,Aug 23,Aug 24,Aug 25,Aug 26,Aug 27,Aug 28,Aug 29,Aug 30,Aug 31,Sep 1,Sep 2,Sep 3,Sep 4,Sep 5,Sep 6,Sep 7,Sep 8,Sep 9,Sep 10,Sep 11,Sep 12,Sep 13,Sep 14,Sep 15,Sep 16,Sep 17,Sep 18,Sep 19,Sep 20,Sep 21,Sep 22,Sep 23,Sep 24,Sep 25,Sep 26,Sep 27,Sep 28,Sep 29,Sep 30,Oct 1,Oct 2,Oct 3,Oct 4,Oct 5,Oct 6,Oct 7,Oct 8,Oct 9,Oct 10,Oct 11,Oct 12,Oct 13,Oct 14,Oct 15,Oct 16,Oct 17,Oct 18,Oct 19,Oct 20,Oct 21,Oct 22,Oct 23,Oct 24,Oct 25,Oct 26,Oct 27,Oct 28,Oct 29,Oct 30,Oct 31,Nov 1,Nov 2,Nov 3,Nov 4,Nov 5"
235,NA,NA,NA,NA,NA,NA,Gurgaon,Haryana,NA,"Master Suite Double Bedroom, Studio Apartment.",https://www.airbnb.co.in/rooms/14082068,1,NA,1,2,1,NA,NA,NA,NA,NA,NA,8014,8014,8014,NA
236,NA,NA,NA,NA,NA,NA,New Delhi,Delhi,NA,Heritage home,https://www.airbnb.co.in/rooms/1251614,1,NA,1,2,1,501,NA,10%,0%,NA,NA,2003,2003,2003,"Nov 6,Nov 7,Nov 8,Nov 9,Nov 10,Nov 11,Nov 18,Nov 19,Nov 20,Nov 21,Nov 22,Nov 23,Nov 24,Nov 25,Nov 26,Nov 27,Nov 28,Nov 29,Nov 30,Feb 9,Feb 10,Feb 11,Feb 12,Feb 13,Mar 3,Mar 4,Mar 5,Mar 6,Mar 7,Mar 8,Mar 9,Mar 10,Mar 11,Mar 12,Mar 13,Mar 14,Mar 15,Mar 16"
237,NA,NA,NA,NA,NA,NA,New Delhi,Delhi,NA,1 room in 2BHK in Lajpat Nagar,https://www.airbnb.co.in/rooms/11932268,1,NA,1,2,1,NA,NA,NA,NA,NA,NA,801,801,801,"Nov 1,Nov 2,Nov 3,Nov 4,Nov 5,Nov 6,Nov 7,Nov 8,Nov 9,Nov 10,Nov 11,Nov 12,Nov 13,Nov 14,Nov 15,Nov 16,Nov 17,Nov 18,Nov 19,Nov 20,Nov 21,Nov 22,Nov 23,Nov 24,Nov 25,Nov 26,Nov 27,Nov 28,Nov 29,Nov 30,Dec 1,Dec 2,Dec 3,Dec 4,Dec 5,Dec 6,Dec 7,Dec 8,Dec 9,Dec 10,Dec 11,Dec 12,Dec 13,Dec 14,Dec 15,Dec 16,Dec 17,Dec 18,Dec 19,Dec 20,Dec 21,Dec 22,Dec 23,Dec 24,Dec 25,Dec 26,Dec 27,Dec 28,Dec 29,Dec 30,Dec 31,Jan 1,Jan 2,Jan 3,Jan 4,Jan 5,Jan 6,Jan 7,Jan 8,Jan 9,Jan 10,Jan 11,Jan 12,Jan 13,Jan 14,Jan 15,Jan 16,Jan 17,Jan 18,Jan 19,Jan 20,Jan 21,Jan 22,Jan 23,Jan 24,Jan 25,Jan 26,Jan 27,Jan 28,Jan 29,Jan 30,Jan 31,Feb 1,Feb 2,Feb 3,Feb 4,Feb 5,Feb 6,Feb 7,Feb 8,Feb 9,Feb 10,Feb 11,Feb 12,Feb 13,Feb 14,Feb 15,Feb 16,Feb 17,Feb 18,Feb 19,Feb 20,Feb 21,Feb 22,Feb 23,Feb 24,Feb 25,Feb 26,Feb 27,Feb 28,Mar 1,Mar 2,Mar 3,Mar 4,Mar 5,Mar 6,Mar 7,Mar 8,Mar 9,Mar 10,Mar 11,Mar 12,Mar 13,Mar 14,Mar 15,Mar 16,Mar 17,Mar 18,Mar 19,Mar 20,Mar 21,Mar 22,Mar 23,Mar 24,Mar 25,Mar 26,Mar 27,Mar 28,Mar 29,Mar 30,Mar 31,Apr 1,Apr 2,Apr 3,Apr 4,Apr 5,Apr 6,Apr 7,Apr 8,Apr 9,Apr 10,Apr 11,Apr 12,Apr 13,Apr 14,Apr 15,Apr 16,Apr 17,Apr 18,Apr 19,Apr 20,Apr 21,Apr 22,Apr 23,Apr 24,Apr 25,Apr 26,Apr 27,Apr 28,Apr 29,Apr 30,May 1,May 2,May 3,May 4,May 5,May 6,May 7,May 8,May 9,May 10,May 11,May 12,May 13,May 14,May 15,May 16,May 17,May 18,May 19,May 20,May 21,May 22,May 23,May 24,May 25,May 26,May 27,May 28,May 29,May 30,May 31,Jun 1,Jun 2,Jun 3,Jun 4,Jun 5,Jun 6,Jun 7,Jun 8,Jun 9,Jun 10,Jun 11,Jun 12,Jun 13,Jun 14,Jun 15,Jun 16,Jun 17,Jun 18,Jun 19,Jun 20,Jun 21,Jun 22,Jun 23,Jun 24,Jun 25,Jun 26,Jun 27,Jun 28,Jun 29,Jun 30,Jul 1,Jul 2,Jul 3,Jul 4,Jul 5,Jul 6,Jul 7,Jul 8,Jul 9,Jul 10,Jul 11,Jul 12,Jul 13,Jul 14,Jul 15,Jul 16,Jul 17,Jul 18,Jul 19,Jul 20,Jul 21,Jul 22,Jul 23,Jul 24,Jul 25,Jul 26,Jul 27,Jul 28,Jul 29,Jul 30,Jul 31,Aug 1,Aug 2,Aug 3,Aug 4,Aug 5,Aug 6,Aug 7,Aug 8,Aug 9,Aug 10,Aug 11,Aug 12,Aug 13,Aug 14,Aug 15,Aug 16,Aug 17,Aug 18,Aug 19,Aug 20,Aug 21,Aug 22,Aug 23,Aug 24,Aug 25,Aug 26,Aug 27,Aug 28,Aug 29,Aug 30,Aug 31,Sep 1,Sep 2,Sep 3,Sep 4,Sep 5,Sep 6,Sep 7,Sep 8,Sep 9,Sep 10,Sep 11,Sep 12,Sep 13,Sep 14,Sep 15,Sep 16,Sep 17,Sep 18,Sep 19,Sep 20,Sep 21,Sep 22,Sep 23,Sep 24,Sep 25,Sep 26,Sep 27,Sep 28,Sep 29,Sep 30,Oct 1,Oct 2,Oct 3,Oct 4,Oct 5,Oct 6,Oct 7,Oct 8,Oct 9,Oct 10,Oct 11,Oct 12,Oct 13,Oct 14,Oct 15,Oct 16,Oct 17,Oct 18,Oct 19,Oct 20,Oct 21,Oct 22,Oct 23,Oct 24,Oct 25,Oct 26,Oct 27,Oct 28,Oct 29,Oct 30,Oct 31,Nov 1,Nov 2,Nov 3,Nov 4,Nov 5"
238,NA,NA,NA,NA,NA,NA,New Delhi,Delhi,NA,"Close to the airport, wifi.",https://www.airbnb.co.in/rooms/11027216,1,1,1,2,1,338,NA,0%,10%,501,1,868,1870,10387,"Nov 24,Nov 25"
239,NA,NA,NA,NA,NA,NA,New Delhi,Delhi,NA,Cosy Room for Single Travelers,https://www.airbnb.co.in/rooms/9323661,1,NA,1,1,1,802,NA,0%,15%,NA,NA,1269,1269,1269,"Nov 14,Nov 15,Nov 16,Dec 15,Dec 16,Dec 17,Dec 18,Dec 19,Dec 20,Dec 21,Dec 22,Dec 23,Dec 24,Dec 25,Dec 26,Dec 27,Dec 28"
240,NA,NA,NA,NA,NA,NA,New Delhi,Delhi,NA,private room in delhi and 5 min away from metro...,https://www.airbnb.co.in/rooms/13561087,1,NA,1,3,1,NA,NA,15%,20%,501,1,667,1669,10186,"Dec 30,Dec 31,Jan 1,Jan 2,Jan 3,Jan 4,Jan 5,Jan 6,Jan 7,Jan 8,Jan 9,Jan 10,Jan 11,Jan 12,Jan 13,Jan 14,Jan 15,Jan 16,Jan 17,Jan 18,Jan 19,Jan 20,Jan 21,Jan 22,Jan 23,Jan 24,Jan 25,Jan 26,Jan 27,Jan 28,Jan 29,Jan 30,Jan 31,Feb 1,Feb 2,Feb 3,Feb 4,Feb 5,Feb 6,Feb 7,Feb 8,Feb 9,Feb 10,Feb 11,Feb 12,Feb 13,Feb 14,Feb 15,Feb 16,Feb 17,Feb 18,Feb 19,Feb 20,Feb 21,Feb 22,Feb 23,Feb 24,Feb 25,Feb 26,Feb 27,Feb 28,Mar 1,Mar 2,Mar 3,Mar 4,Mar 5,Mar 6,Mar 7,Mar 8,Mar 9,Mar 10,Mar 11,Mar 12,Mar 13,Mar 14,Mar 15,Mar 16,Mar 17,Mar 18,Mar 19,Mar 20,Mar 21,Mar 22,Mar 23,Mar 24,Mar 25,Mar 26,Mar 27,Mar 28,Mar 29,Mar 30,Mar 31,Apr 1,Apr 2,Apr 3,Apr 4,Apr 5,Apr 6,Apr 7,Apr 8,Apr 9,Apr 10,Apr 11,Apr 12,Apr 13,Apr 14,Apr 15,Apr 16,Apr 17,Apr 18,Apr 19,Apr 20,Apr 21,Apr 22,Apr 23,Apr 24,Apr 25,Apr 26,Apr 27,Apr 28,Apr 29,Apr 30,May 1,May 2,May 3,May 4,May 5,May 6,May 7,May 8,May 9,May 10,May 11,May 12,May 13,May 14,May 15,May 16,May 17,May 18,May 19,May 20,May 21,May 22,May 23,May 24,May 25,May 26,May 27,May 28,May 29,May 30,May 31,Jun 1,Jun 2,Jun 3,Jun 4,Jun 5,Jun 6,Jun 7,Jun 8,Jun 9,Jun 10,Jun 11,Jun 12,Jun 13,Jun 14,Jun 15,Jun 16,Jun 17,Jun 18,Jun 19,Jun 20,Jun 21,Jun 22,Jun 23,Jun 24,Jun 25,Jun 26,Jun 27,Jun 28,Jun 29,Jun 30,Jul 1,Jul 2,Jul 3,Jul 4,Jul 5,Jul 6,Jul 7,Jul 8,Jul 9,Jul 10,Jul 11,Jul 12,Jul 13,Jul 14,Jul 15,Jul 16,Jul 17,Jul 18,Jul 19,Jul 20,Jul 21,Jul 22,Jul 23,Jul 24,Jul 25,Jul 26,Jul 27,Jul 28,Jul 29,Jul 30,Jul 31,Aug 1,Aug 2,Aug 3,Aug 4,Aug 5,Aug 6,Aug 7,Aug 8,Aug 9,Aug 10,Aug 11,Aug 12,Aug 13,Aug 14,Aug 15,Aug 16,Aug 17,Aug 18,Aug 19,Aug 20,Aug 21,Aug 22,Aug 23,Aug 24,Aug 25,Aug 26,Aug 27,Aug 28,Aug 29,Aug 30,Aug 31,Sep 1,Sep 2,Sep 3,Sep 4,Sep 5,Sep 6,Sep 7,Sep 8,Sep 9,Sep 10,Sep 11,Sep 12,Sep 13,Sep 14,Sep 15,Sep 16,Sep 17,Sep 18,Sep 19,Sep 20,Sep 21,Sep 22,Sep 23,Sep 24,Sep 25,Sep 26,Sep 27,Sep 28,Sep 29,Sep 30,Oct 1,Oct 2,Oct 3,Oct 4,Oct 5,Oct 6,Oct 7,Oct 8,Oct 9,Oct 10,Oct 11,Oct 12,Oct 13,Oct 14,Oct 15,Oct 16,Oct 17,Oct 18,Oct 19,Oct 20,Oct 21,Oct 22,Oct 23,Oct 24,Oct 25,Oct 26,Oct 27,Oct 28,Oct 29,Oct 30,Oct 31,Nov 1,Nov 2,Nov 3,Nov 4,Nov 5"
241,NA,NA,NA,NA,NA,NA,Gurgaon,Haryana,NA,Found on all fours,https://www.airbnb.co.in/rooms/15117299,1,NA,1,2,1,NA,NA,0%,0%,1002,1,2003,4007,21041,"Dec 9,Dec 10,Dec 11,Dec 12,Dec 13,Dec 14,Dec 30,Dec 31,Jan 1,Jan 2,Jan 3,Jan 4,Jan 5,Jan 6,Jan 7,Jan 8,Jan 9,Jan 10,Jan 11,Jan 12,Jan 13,Jan 14,Jan 15,Jan 16,Jan 17,Jan 18,Jan 19,Jan 20,Jan 21,Jan 22,Jan 23,Jan 24,Jan 25,Jan 26,Jan 27,Jan 28,Jan 29,Jan 30,Jan 31,Feb 1,Feb 2,Feb 3,Feb 4,Feb 5,Feb 6,Feb 7,Feb 8,Feb 9,Feb 10,Feb 11,Feb 12,Feb 13,Feb 14,Feb 15,Feb 16,Feb 17,Feb 18,Feb 19,Feb 20,Feb 21,Feb 22,Feb 23,Feb 24,Feb 25,Feb 26,Feb 27,Feb 28,Mar 1,Mar 2,Mar 3,Mar 4,Mar 5,Mar 6,Mar 7,Mar 8,Mar 9,Mar 10,Mar 11,Mar 12,Mar 13,Mar 14,Mar 15,Mar 16,Mar 17,Mar 18,Mar 19,Mar 20,Mar 21,Mar 22,Mar 23,Mar 24,Mar 25,Mar 26,Mar 27,Mar 28,Mar 29,Mar 30,Mar 31,Apr 1,Apr 2,Apr 3,Apr 4,Apr 5,Apr 6,Apr 7,Apr 8,Apr 9,Apr 10,Apr 11,Apr 12,Apr 13,Apr 14,Apr 15,Apr 16,Apr 17,Apr 18,Apr 19,Apr 20,Apr 21,Apr 22,Apr 23,Apr 24,Apr 25,Apr 26,Apr 27,Apr 28,Apr 29,Apr 30,May 1,May 2,May 3,May 4,May 5,May 6,May 7,May 8,May 9,May 10,May 11,May 12,May 13,May 14,May 15,May 16,May 17,May 18,May 19,May 20,May 21,May 22,May 23,May 24,May 25,May 26,May 27,May 28,May 29,May 30,May 31,Jun 1,Jun 2,Jun 3,Jun 4,Jun 5,Jun 6,Jun 7,Jun 8,Jun 9,Jun 10,Jun 11,Jun 12,Jun 13,Jun 14,Jun 15,Jun 16,Jun 17,Jun 18,Jun 19,Jun 20,Jun 21,Jun 22,Jun 23,Jun 24,Jun 25,Jun 26,Jun 27,Jun 28,Jun 29,Jun 30,Jul 1,Jul 2,Jul 3,Jul 4,Jul 5,Jul 6,Jul 7,Jul 8,Jul 9,Jul 10,Jul 11,Jul 12,Jul 13,Jul 14,Jul 15,Jul 16,Jul 17,Jul 18,Jul 19,Jul 20,Jul 21,Jul 22,Jul 23,Jul 24,Jul 25,Jul 26,Jul 27,Jul 28,Jul 29,Jul 30,Jul 31,Aug 1,Aug 2,Aug 3,Aug 4,Aug 5,Aug 6,Aug 7,Aug 8,Aug 9,Aug 10,Aug 11,Aug 12,Aug 13,Aug 14,Aug 15,Aug 16,Aug 17,Aug 18,Aug 19,Aug 20,Aug 21,Aug 22,Aug 23,Aug 24,Aug 25,Aug 26,Aug 27,Aug 28,Aug 29,Aug 30,Aug 31,Sep 1,Sep 2,Sep 3,Sep 4,Sep 5,Sep 6,Sep 7,Sep 8,Sep 9,Sep 10,Sep 11,Sep 12,Sep 13,Sep 14,Sep 15,Sep 16,Sep 17,Sep 18,Sep 19,Sep 20,Sep 21,Sep 22,Sep 23,Sep 24,Sep 25,Sep 26,Sep 27,Sep 28,Sep 29,Sep 30,Oct 1,Oct 2,Oct 3,Oct 4,Oct 5,Oct 6,Oct 7,Oct 8,Oct 9,Oct 10,Oct 11,Oct 12,Oct 13,Oct 14,Oct 15,Oct 16,Oct 17,Oct 18,Oct 19,Oct 20,Oct 21,Oct 22,Oct 23,Oct 24,Oct 25,Oct 26,Oct 27,Oct 28,Oct 29,Oct 30,Oct 31,Nov 1,Nov 2,Nov 3,Nov 4,Nov 5"
242,NA,NA,NA,NA,NA,NA,Gurgaon,Haryana,NA,Sufiyana - Ecstatic Living,https://www.airbnb.co.in/rooms/14682597,1,NA,1.5,2,1,NA,NA,15%,25%,NA,NA,2738,2738,2738,NA
243,NA,NA,NA,NA,NA,NA,Gurgaon,HR,NA,Geo Stays Classic,https://www.airbnb.co.in/rooms/9140403,1,NA,1,3,1,NA,NA,15%,20%,NA,NA,1268,1268,1268,NA
244,NA,NA,NA,NA,NA,NA,New Delhi,Delhi,NA,Lake View Hut - Hauz Khas Village,https://www.airbnb.co.in/rooms/3435728,1,NA,1.5,4,2,501,NA,13%,31%,1002,2,4007,5009,22043,"Nov 1,Nov 2,Nov 3,Nov 4,Nov 5,Nov 6,Nov 7,Nov 8,Nov 13,Nov 14,Nov 15,Nov 16,Nov 17,Dec 21,Dec 22,Dec 23,Mar 30,Mar 31,Apr 1,Apr 2,Apr 3,Apr 4,Apr 5,Apr 6,Apr 7,Apr 8,Apr 9,Apr 10,Apr 11,Apr 12,Apr 13,Apr 14,Apr 15,Apr 16,Apr 17,Apr 18,Apr 19,Apr 20,Apr 21,Apr 22,Apr 23,Apr 24,Apr 25,Apr 26,Apr 27,Apr 28,Apr 29,Apr 30,May 1,May 2,May 3,May 4,May 5,May 6,May 7,May 8,May 9,May 10,May 11,May 12,May 13,May 14,May 15,May 16,May 17,May 18,May 19,May 20,May 21,May 22,May 23,May 24,May 25,May 26,May 27,May 28,May 29,May 30,May 31,Jun 1,Jun 2,Jun 3,Jun 4,Jun 5,Jun 6,Jun 7,Jun 8,Jun 9,Jun 10,Jun 11,Jun 12,Jun 13,Jun 14,Jun 15,Jun 16,Jun 17,Jun 18,Jun 19,Jun 20,Jun 21,Jun 22,Jun 23,Jun 24,Jun 25,Jun 26,Jun 27,Jun 28,Jun 29,Jun 30,Jul 1,Jul 2,Jul 3,Jul 4,Jul 5,Jul 6,Jul 7,Jul 8,Jul 9,Jul 10,Jul 11,Jul 12,Jul 13,Jul 14,Jul 15,Jul 16,Jul 17,Jul 18,Jul 19,Jul 20,Jul 21,Jul 22,Jul 23,Jul 24,Jul 25,Jul 26,Jul 27,Jul 28,Jul 29,Jul 30,Jul 31,Aug 1,Aug 2,Aug 3,Aug 4,Aug 5,Aug 6,Aug 7,Aug 8,Aug 9,Aug 10,Aug 11,Aug 12,Aug 13,Aug 14,Aug 15,Aug 16,Aug 17,Aug 18,Aug 19,Aug 20,Aug 21,Aug 22,Aug 23,Aug 24,Aug 25,Aug 26,Aug 27,Aug 28,Aug 29,Aug 30,Aug 31,Sep 1,Sep 2,Sep 3,Sep 4,Sep 5,Sep 6,Sep 7,Sep 8,Sep 9,Sep 10,Sep 11,Sep 12,Sep 13,Sep 14,Sep 15,Sep 16,Sep 17,Sep 18,Sep 19,Sep 20,Sep 21,Sep 22,Sep 23,Sep 24,Sep 25,Sep 26,Sep 27,Sep 28,Sep 29,Sep 30,Oct 1,Oct 2,Oct 3,Oct 4,Oct 5,Oct 6,Oct 7,Oct 8,Oct 9,Oct 10,Oct 11,Oct 12,Oct 13,Oct 14,Oct 15,Oct 16,Oct 17,Oct 18,Oct 19,Oct 20,Oct 21,Oct 22,Oct 23,Oct 24,Oct 25,Oct 26,Oct 27,Oct 28,Oct 29,Oct 30,Oct 31,Nov 1,Nov 2,Nov 3,Nov 4,Nov 5"
245,NA,NA,NA,NA,NA,NA,New Delhi,Delhi,NA,Dormitory Beds Near Airport,https://www.airbnb.co.in/rooms/14392317,1,NA,1,1,1,NA,NA,NA,NA,NA,NA,1001,1001,1001,NA
246,NA,NA,NA,NA,NA,NA,Gurgaon,Haryana,NA,AC Room in DLF 2 Near Sikanderpur Metro Station,https://www.airbnb.co.in/rooms/13419446,1,NA,1,3,1,NA,NA,5%,10%,401,1,2002,2804,9621,"Jan 1,Jan 2,Jan 3,Jan 4,Jan 5,Jan 6,Jan 7,Jan 8,Jan 9,Jan 10,Jan 11,Jan 12,Jan 13,Jan 14,Jan 15,Jan 16,Jan 17,Jan 18,Jan 19,Jan 20,Jan 21,Jan 22,Jan 23,Jan 24,Jan 25,Jan 26,Jan 27,Jan 28,Jan 29,Jan 30,Jan 31,Feb 1,Feb 2,Feb 3,Feb 4,Feb 5,Feb 6,Feb 7,Feb 8,Feb 9,Feb 10,Feb 11,Feb 12,Feb 13,Feb 14,Feb 15,Feb 16,Feb 17,Feb 18,Feb 19,Feb 20,Feb 21,Feb 22,Feb 23,Feb 24,Feb 25,Feb 26,Feb 27,Feb 28,Mar 1,Mar 2,Mar 3,Mar 4,Mar 5,Mar 6,Mar 7,Mar 8,Mar 9,Mar 10,Mar 11,Mar 12,Mar 13,Mar 14,Mar 15,Mar 16,Mar 17,Mar 18,Mar 19,Mar 20,Mar 21,Mar 22,Mar 23,Mar 24,Mar 25,Mar 26,Mar 27,Mar 28,Mar 29,Mar 30,Mar 31,Apr 1,Apr 2,Apr 3,Apr 4,Apr 5,Apr 6,Apr 7,Apr 8,Apr 9,Apr 10,Apr 11,Apr 12,Apr 13,Apr 14,Apr 15,Apr 16,Apr 17,Apr 18,Apr 19,Apr 20,Apr 21,Apr 22,Apr 23,Apr 24,Apr 25,Apr 26,Apr 27,Apr 28,Apr 29,Apr 30,May 1,May 2,May 3,May 4,May 5,May 6,May 7,May 8,May 9,May 10,May 11,May 12,May 13,May 14,May 15,May 16,May 17,May 18,May 19,May 20,May 21,May 22,May 23,May 24,May 25,May 26,May 27,May 28,May 29,May 30,May 31,Jun 1,Jun 2,Jun 3,Jun 4,Jun 5,Jun 6,Jun 7,Jun 8,Jun 9,Jun 10,Jun 11,Jun 12,Jun 13,Jun 14,Jun 15,Jun 16,Jun 17,Jun 18,Jun 19,Jun 20,Jun 21,Jun 22,Jun 23,Jun 24,Jun 25,Jun 26,Jun 27,Jun 28,Jun 29,Jun 30,Jul 1,Jul 2,Jul 3,Jul 4,Jul 5,Jul 6,Jul 7,Jul 8,Jul 9,Jul 10,Jul 11,Jul 12,Jul 13,Jul 14,Jul 15,Jul 16,Jul 17,Jul 18,Jul 19,Jul 20,Jul 21,Jul 22,Jul 23,Jul 24,Jul 25,Jul 26,Jul 27,Jul 28,Jul 29,Jul 30,Jul 31,Aug 1,Aug 2,Aug 3,Aug 4,Aug 5,Aug 6,Aug 7,Aug 8,Aug 9,Aug 10,Aug 11,Aug 12,Aug 13,Aug 14,Aug 15,Aug 16,Aug 17,Aug 18,Aug 19,Aug 20,Aug 21,Aug 22,Aug 23,Aug 24,Aug 25,Aug 26,Aug 27,Aug 28,Aug 29,Aug 30,Aug 31,Sep 1,Sep 2,Sep 3,Sep 4,Sep 5,Sep 6,Sep 7,Sep 8,Sep 9,Sep 10,Sep 11,Sep 12,Sep 13,Sep 14,Sep 15,Sep 16,Sep 17,Sep 18,Sep 19,Sep 20,Sep 21,Sep 22,Sep 23,Sep 24,Sep 25,Sep 26,Sep 27,Sep 28,Sep 29,Sep 30,Oct 1,Oct 2,Oct 3,Oct 4,Oct 5,Oct 6,Oct 7,Oct 8,Oct 9,Oct 10,Oct 11,Oct 12,Oct 13,Oct 14,Oct 15,Oct 16,Oct 17,Oct 18,Oct 19,Oct 20,Oct 21,Oct 22,Oct 23,Oct 24,Oct 25,Oct 26,Oct 27,Oct 28,Oct 29,Oct 30,Oct 31,Nov 1,Nov 2,Nov 3,Nov 4,Nov 5"
247,NA,NA,NA,NA,NA,NA,Gurgaon,HR,NA,Safe & Cozy B&B near City Center!,https://www.airbnb.co.in/rooms/8976535,1,NA,1,3,1,NA,NA,5%,10%,501,2,2204,2705,11222,"Nov 24,Nov 25,Nov 26,Dec 5,Dec 6,Feb 17,Feb 18,Feb 19"
248,NA,NA,NA,NA,NA,NA,New Delhi,Delhi,NA,Karma Guest House,https://www.airbnb.co.in/rooms/11060167,6,None,6,6,1,NA,NA,NA,NA,NA,NA,1802,1802,1802,NA
249,NA,NA,NA,NA,NA,NA,New Delhi,DL,NA,Sunny Room with Green View B2,https://www.airbnb.co.in/rooms/6681604,1,NA,1,1,1,NA,NA,0%,10%,NA,NA,1669,1669,1669,NA
250,NA,NA,NA,NA,NA,NA,New Delhi,Delhi,NA,angel home,https://www.airbnb.co.in/rooms/8091836,1,NA,2,2,1,401,NA,15%,0%,702,1,3205,4609,16543,NA
251,NA,NA,NA,NA,NA,NA,New Delhi,Delhi,NA,"Private room with fast wifi,easy transport",https://www.airbnb.co.in/rooms/15184147,1,NA,1,2,1,NA,NA,NA,NA,NA,NA,1068,1068,1068,NA
252,NA,NA,NA,NA,NA,NA,New Delhi,Delhi,NA,Apartment 171 Vasant Kunj New Delhi,https://www.airbnb.co.in/rooms/8003874,2,NA,3,4,1,337,NA,0%,23%,NA,NA,3004,3004,3004,"Nov 12,Nov 13,Nov 14,Nov 15,Nov 16,Nov 25,Nov 26,Dec 8,Dec 9,Dec 10,Dec 11,Dec 12,Dec 13,Feb 13"
253,NA,NA,NA,NA,NA,NA,New Delhi,Delhi,NA,Safe/Easy Terrace Studio in Centre,https://www.airbnb.co.in/rooms/11229636,1,NA,1,3,1,351,NA,0%,0%,852,1,1802,3506,17990,"Nov 2,Nov 3,Nov 4,Nov 5"
254,NA,NA,NA,NA,NA,NA,New Delhi,Delhi,NA,Peaceful house with a room.,https://www.airbnb.co.in/rooms/8191350,1,NA,1,1,1,NA,NA,0%,0%,NA,NA,735,735,735,"Nov 1,Nov 2,Nov 3,Nov 4,Nov 5,Nov 6,Nov 7,Nov 8,Nov 9,Nov 10,Nov 11,Nov 12,Nov 13,Nov 14,Nov 15,Nov 16,Nov 17,Nov 18,Nov 19,Nov 20,Nov 21,Nov 22,Nov 23,Nov 24,Nov 25,Nov 26,Nov 27,Nov 28,Nov 29,Nov 30,Dec 1,Dec 2,Dec 3,Dec 4,Dec 5,Dec 6,Dec 7,Dec 8,Dec 9,Dec 10,Dec 11,Dec 12,Dec 13,Dec 14,Dec 15,Dec 16,Dec 17,Dec 18,Dec 19,Dec 20,Dec 21,Dec 22,Dec 23,Dec 24,Dec 25,Dec 26,Dec 27,Dec 28,Dec 29,Dec 30,Dec 31,Jan 1,Jan 2,Jan 3,Jan 4,Jan 5,Jan 6,Jan 7,Jan 8,Jan 9,Jan 10,Jan 11,Jan 12,Jan 13,Jan 14,Jan 15,Jan 16,Jan 17,Jan 18,Jan 19,Jan 20,Jan 21,Jan 22,Jan 23,Jan 24,Jan 25,Jan 26,Jan 27,Jan 28,Jan 29,Jan 30,Jan 31,Feb 1,Feb 2,Feb 3,Feb 4,Feb 5,Feb 6,Feb 7,Feb 8,Feb 9,Feb 10,Feb 11,Feb 12,Feb 13,Feb 14,Feb 15,Feb 16,Feb 17,Feb 18,Feb 19,Feb 20,Feb 21,Feb 22,Feb 23,Feb 24,Feb 25,Feb 26,Feb 27,Feb 28,Mar 1,Mar 2,Mar 3,Mar 4,Mar 5,Mar 6,Mar 7,Mar 8,Mar 9,Mar 10,Mar 11,Mar 12,Mar 13,Mar 14,Mar 15,Mar 16,Mar 17,Mar 18,Mar 19,Mar 20,Mar 21,Mar 22,Mar 23,Mar 24,Mar 25,Mar 26,Mar 27,Mar 28,Mar 29,Mar 30,Mar 31,Apr 1,Apr 2,Apr 3,Apr 4,Apr 5,Apr 6,Apr 7,Apr 8,Apr 9,Apr 10,Apr 11,Apr 12,Apr 13,Apr 14,Apr 15,Apr 16,Apr 17,Apr 18,Apr 19,Apr 20,Apr 21,Apr 22,Apr 23,Apr 24,Apr 25,Apr 26,Apr 27,Apr 28,Apr 29,Apr 30,May 1,May 2,May 3,May 4,May 5,May 6,May 7,May 8,May 9,May 10,May 11,May 12,May 13,May 14,May 15,May 16,May 17,May 18,May 19,May 20,May 21,May 22,May 23,May 24,May 25,May 26,May 27,May 28,May 29,May 30,May 31,Jun 1,Jun 2,Jun 3,Jun 4,Jun 5,Jun 6,Jun 7,Jun 8,Jun 9,Jun 10,Jun 11,Jun 12,Jun 13,Jun 14,Jun 15,Jun 16,Jun 17,Jun 18,Jun 19,Jun 20,Jun 21,Jun 22,Jun 23,Jun 24,Jun 25,Jun 26,Jun 27,Jun 28,Jun 29,Jun 30,Jul 1,Jul 2,Jul 3,Jul 4,Jul 5,Jul 6,Jul 7,Jul 8,Jul 9,Jul 10,Jul 11,Jul 12,Jul 13,Jul 14,Jul 15,Jul 16,Jul 17,Jul 18,Jul 19,Jul 20,Jul 21,Jul 22,Jul 23,Jul 24,Jul 25,Jul 26,Jul 27,Jul 28,Jul 29,Jul 30,Jul 31,Aug 1,Aug 2,Aug 3,Aug 4,Aug 5,Aug 6,Aug 7,Aug 8,Aug 9,Aug 10,Aug 11,Aug 12,Aug 13,Aug 14,Aug 15,Aug 16,Aug 17,Aug 18,Aug 19,Aug 20,Aug 21,Aug 22,Aug 23,Aug 24,Aug 25,Aug 26,Aug 27,Aug 28,Aug 29,Aug 30,Aug 31,Sep 1,Sep 2,Sep 3,Sep 4,Sep 5,Sep 6,Sep 7,Sep 8,Sep 9,Sep 10,Sep 11,Sep 12,Sep 13,Sep 14,Sep 15,Sep 16,Sep 17,Sep 18,Sep 19,Sep 20,Sep 21,Sep 22,Sep 23,Sep 24,Sep 25,Sep 26,Sep 27,Sep 28,Sep 29,Sep 30,Oct 1,Oct 2,Oct 3,Oct 4,Oct 5,Oct 6,Oct 7,Oct 8,Oct 9,Oct 10,Oct 11,Oct 12,Oct 13,Oct 14,Oct 15,Oct 16,Oct 17,Oct 18,Oct 19,Oct 20,Oct 21,Oct 22,Oct 23,Oct 24,Oct 25,Oct 26,Oct 27,Oct 28,Oct 29,Oct 30,Oct 31,Nov 1,Nov 2,Nov 3,Nov 4,Nov 5"
255,NA,NA,NA,NA,NA,NA,New Delhi,Delhi,NA,"Anara Homes | The One Studio, GK II",https://www.airbnb.co.in/rooms/11032203,1,NA,1,2,1,NA,NA,10%,15%,NA,NA,4007,4007,4007,"Nov 9,Nov 10,Nov 11,Nov 12,Dec 21,Dec 26"
256,NA,NA,NA,NA,NA,NA,Gurgaon,Haryana,NA,Large Suite & Living Room -Airbnb Golf Course Road,https://www.airbnb.co.in/rooms/13437663,1,NA,1,3,1,NA,NA,5%,15%,702,2,3271,3973,15907,NA
257,NA,NA,NA,NA,NA,NA,Gurgaon,Haryana,NA,Yippeerooms @sec42 superior double,https://www.airbnb.co.in/rooms/14240367,1,NA,1,2,1,501,10024,NA,NA,NA,NA,1803,1803,1803,"Dec 30,Dec 31,Jan 1,Jan 2,Jan 3,Jan 4,Jan 5,Jan 6,Jan 7,Jan 8,Jan 9,Jan 10,Jan 11,Jan 12,Jan 13,Jan 14,Jan 15,Jan 16,Jan 17,Jan 18,Jan 19,Jan 20,Jan 21,Jan 22,Jan 23,Jan 24,Jan 25,Jan 26,Jan 27,Jan 28,Jan 29,Jan 30,Jan 31,Feb 1,Feb 2,Feb 3,Feb 4,Feb 5,Feb 6,Feb 7,Feb 8,Feb 9,Feb 10,Feb 11,Feb 12,Feb 13,Feb 14,Feb 15,Feb 16,Feb 17,Feb 18,Feb 19,Feb 20,Feb 21,Feb 22,Feb 23,Feb 24,Feb 25,Feb 26,Feb 27,Feb 28,Mar 1,Mar 2,Mar 3,Mar 4,Mar 5,Mar 6,Mar 7,Mar 8,Mar 9,Mar 10,Mar 11,Mar 12,Mar 13,Mar 14,Mar 15,Mar 16,Mar 17,Mar 18,Mar 19,Mar 20,Mar 21,Mar 22,Mar 23,Mar 24,Mar 25,Mar 26,Mar 27,Mar 28,Mar 29,Mar 30,Mar 31,Apr 1,Apr 2,Apr 3,Apr 4,Apr 5,Apr 6,Apr 7,Apr 8,Apr 9,Apr 10,Apr 11,Apr 12,Apr 13,Apr 14,Apr 15,Apr 16,Apr 17,Apr 18,Apr 19,Apr 20,Apr 21,Apr 22,Apr 23,Apr 24,Apr 25,Apr 26,Apr 27,Apr 28,Apr 29,Apr 30,May 1,May 2,May 3,May 4,May 5,May 6,May 7,May 8,May 9,May 10,May 11,May 12,May 13,May 14,May 15,May 16,May 17,May 18,May 19,May 20,May 21,May 22,May 23,May 24,May 25,May 26,May 27,May 28,May 29,May 30,May 31,Jun 1,Jun 2,Jun 3,Jun 4,Jun 5,Jun 6,Jun 7,Jun 8,Jun 9,Jun 10,Jun 11,Jun 12,Jun 13,Jun 14,Jun 15,Jun 16,Jun 17,Jun 18,Jun 19,Jun 20,Jun 21,Jun 22,Jun 23,Jun 24,Jun 25,Jun 26,Jun 27,Jun 28,Jun 29,Jun 30,Jul 1,Jul 2,Jul 3,Jul 4,Jul 5,Jul 6,Jul 7,Jul 8,Jul 9,Jul 10,Jul 11,Jul 12,Jul 13,Jul 14,Jul 15,Jul 16,Jul 17,Jul 18,Jul 19,Jul 20,Jul 21,Jul 22,Jul 23,Jul 24,Jul 25,Jul 26,Jul 27,Jul 28,Jul 29,Jul 30,Jul 31,Aug 1,Aug 2,Aug 3,Aug 4,Aug 5,Aug 6,Aug 7,Aug 8,Aug 9,Aug 10,Aug 11,Aug 12,Aug 13,Aug 14,Aug 15,Aug 16,Aug 17,Aug 18,Aug 19,Aug 20,Aug 21,Aug 22,Aug 23,Aug 24,Aug 25,Aug 26,Aug 27,Aug 28,Aug 29,Aug 30,Aug 31,Sep 1,Sep 2,Sep 3,Sep 4,Sep 5,Sep 6,Sep 7,Sep 8,Sep 9,Sep 10,Sep 11,Sep 12,Sep 13,Sep 14,Sep 15,Sep 16,Sep 17,Sep 18,Sep 19,Sep 20,Sep 21,Sep 22,Sep 23,Sep 24,Sep 25,Sep 26,Sep 27,Sep 28,Sep 29,Sep 30,Oct 1,Oct 2,Oct 3,Oct 4,Oct 5,Oct 6,Oct 7,Oct 8,Oct 9,Oct 10,Oct 11,Oct 12,Oct 13,Oct 14,Oct 15,Oct 16,Oct 17,Oct 18,Oct 19,Oct 20,Oct 21,Oct 22,Oct 23,Oct 24,Oct 25,Oct 26,Oct 27,Oct 28,Oct 29,Oct 30,Oct 31,Nov 1,Nov 2,Nov 3,Nov 4,Nov 5"
258,NA,NA,NA,NA,NA,NA,New Delhi,Delhi,NA,4 Bedroom Penthouse with Rooftop garden + bar,https://www.airbnb.co.in/rooms/15078525,4,NA,3.5,12,2,1804,15035,5%,12%,601,4,8014,8014,17630,NA
259,NA,NA,NA,NA,NA,NA,New Delhi,Delhi,NA,Cozy centrally located Indian abode,https://www.airbnb.co.in/rooms/6271832,1,NA,1,2,1,NA,NA,7%,20%,NA,NA,1468,1468,1468,NA
260,NA,NA,NA,NA,NA,NA,Gurgaon,HR,NA,Beautiful Home Away From Home!,https://www.airbnb.co.in/rooms/8977885,1,NA,1,3,1,NA,NA,5%,10%,501,2,2269,2770,11287,"Nov 24,Nov 25,Nov 26,Dec 5,Dec 6,Feb 17,Feb 18,Feb 19"
261,NA,NA,NA,NA,NA,NA,New Delhi,Delhi,NA,A comfortable room in a Hotel,https://www.airbnb.co.in/rooms/9284607,1,1,1,2,1,NA,NA,0%,0%,NA,NA,1803,1803,1803,NA
262,NA,NA,NA,NA,NA,NA,New Delhi,Delhi,NA,The Pearl Grey Boutique Residence,https://www.airbnb.co.in/rooms/106172,1,1,1,2,2,1002,10024,20%,40%,NA,NA,4005,4005,4005,NA
263,NA,NA,NA,NA,NA,NA,New Delhi,Delhi,NA,port view,https://www.airbnb.co.in/rooms/10143254,10,NA,8+,10,1,NA,NA,0%,NA,501,1,1201,2203,10720,NA
264,NA,NA,NA,NA,NA,NA,New Delhi,Delhi,NA,Dev's BNB,https://www.airbnb.co.in/rooms/9282829,1,NA,1,2,1,NA,NA,15%,30%,501,1,2471,3473,11990,NA
265,NA,NA,NA,NA,NA,NA,Delhi,Delhi,NA,"Homely stay, away Home.",https://www.airbnb.co.in/rooms/14163822,1,1,1,2,2,NA,NA,20%,35%,852,1,1802,3506,17990,NA
266,NA,NA,NA,NA,NA,NA,New Delhi,Delhi,NA,Happy home !- Posh south Delhi Apt.,https://www.airbnb.co.in/rooms/10126297,2,NA,1,4,2,501,7016,5%,15%,451,2,2336,2787,10454,"Nov 1,Nov 2,Nov 3,Nov 4,Nov 5,Nov 6,Nov 19,Nov 20,Nov 21,Nov 27,Nov 28,Dec 17,Dec 18,Dec 19,Dec 20,Dec 21,Dec 25,Dec 26,Dec 27,Dec 28,Jan 14,Jan 15,Jan 16,Jan 17,Jan 18,Jan 19,Jan 20,Jan 21,Jan 22"
267,NA,NA,NA,NA,NA,NA,New Delhi,DL,NA,"'The Bijou'  Cozy, Furnished, Elegant",https://www.airbnb.co.in/rooms/14078057,1,NA,1.5,3,1,NA,NA,10%,20%,401,2,1269,1670,8487,NA
268,NA,NA,NA,NA,NA,NA,Gurgaon,Haryana,NA,Studio Apartment - Near to Huda City Centre,https://www.airbnb.co.in/rooms/12838005,1,NA,1,2,1,NA,NA,5%,10%,501,1,3004,4006,12523,NA
269,NA,NA,NA,NA,NA,NA,New Delhi,Delhi,NA,Executive Room of Hotel Sun,https://www.airbnb.co.in/rooms/6241523,1,NA,1,2,1,NA,NA,5%,15%,NA,NA,1669,1669,1669,NA
270,NA,NA,NA,NA,NA,NA,New Delhi,Delhi,NA,Luxury 3BD Apt in South Delhi,https://www.airbnb.co.in/rooms/2611450,3,NA,2,8,1,1002,25059,0%,0%,NA,NA,8014,8014,8014,"Nov 6,Nov 7,Nov 8,Nov 9,Nov 10,Nov 11,Nov 12,Nov 22,Nov 24,Nov 25,Nov 27,Nov 28,Nov 29,Nov 30,Dec 1,Dec 2,Dec 3,Dec 4,Dec 5,Dec 6,Mar 30,Mar 31,Apr 1,Apr 2,Apr 3,Apr 4,Apr 5,Apr 6,Apr 7,Apr 8,Apr 9,Apr 10,Apr 11,Apr 12,Apr 13,Apr 14,Apr 15,Apr 16,Apr 17,Apr 18,Apr 19,Apr 20,Apr 21,Apr 22,Apr 23,Apr 24,Apr 25,Apr 26,Apr 27,Apr 28,Apr 29,Apr 30,May 1,May 2,May 3,May 4,May 5,May 6,May 7,May 8,May 9,May 10,May 11,May 12,May 13,May 14,May 15,May 16,May 17,May 18,May 19,May 20,May 21,May 22,May 23,May 24,May 25,May 26,May 27,May 28,May 29,May 30,May 31,Jun 1,Jun 2,Jun 3,Jun 4,Jun 5,Jun 6,Jun 7,Jun 8,Jun 9,Jun 10,Jun 11,Jun 12,Jun 13,Jun 14,Jun 15,Jun 16,Jun 17,Jun 18,Jun 19,Jun 20,Jun 21,Jun 22,Jun 23,Jun 24,Jun 25,Jun 26,Jun 27,Jun 28,Jun 29,Jun 30,Jul 1,Jul 2,Jul 3,Jul 4,Jul 5,Jul 6,Jul 7,Jul 8,Jul 9,Jul 10,Jul 11,Jul 12,Jul 13,Jul 14,Jul 15,Jul 16,Jul 17,Jul 18,Jul 19,Jul 20,Jul 21,Jul 22,Jul 23,Jul 24,Jul 25,Jul 26,Jul 27,Jul 28,Jul 29,Jul 30,Jul 31,Aug 1,Aug 2,Aug 3,Aug 4,Aug 5,Aug 6,Aug 7,Aug 8,Aug 9,Aug 10,Aug 11,Aug 12,Aug 13,Aug 14,Aug 15,Aug 16,Aug 17,Aug 18,Aug 19,Aug 20,Aug 21,Aug 22,Aug 23,Aug 24,Aug 25,Aug 26,Aug 27,Aug 28,Aug 29,Aug 30,Aug 31,Sep 1,Sep 2,Sep 3,Sep 4,Sep 5,Sep 6,Sep 7,Sep 8,Sep 9,Sep 10,Sep 11,Sep 12,Sep 13,Sep 14,Sep 15,Sep 16,Sep 17,Sep 18,Sep 19,Sep 20,Sep 21,Sep 22,Sep 23,Sep 24,Sep 25,Sep 26,Sep 27,Sep 28,Sep 29,Sep 30,Oct 1,Oct 2,Oct 3,Oct 4,Oct 5,Oct 6,Oct 7,Oct 8,Oct 9,Oct 10,Oct 11,Oct 12,Oct 13,Oct 14,Oct 15,Oct 16,Oct 17,Oct 18,Oct 19,Oct 20,Oct 21,Oct 22,Oct 23,Oct 24,Oct 25,Oct 26,Oct 27,Oct 28,Oct 29,Oct 30,Oct 31,Nov 1,Nov 2,Nov 3,Nov 4,Nov 5"
271,NA,NA,NA,NA,NA,NA,New Delhi,Delhi,NA,"Family room@Venn Smart, New Delhi",https://www.airbnb.co.in/rooms/14305202,1,NA,1,4,1,NA,NA,5%,10%,NA,NA,2471,2471,2471,NA
272,NA,NA,NA,NA,NA,NA,Gurgaon,Haryana,NA,Secured Room & Kitchen in a Beautiful Apartment,https://www.airbnb.co.in/rooms/13118196,1,NA,1,2,1,336,NA,17%,30%,752,1,1268,2772,15556,NA
273,NA,NA,NA,NA,NA,NA,New Delhi,Delhi,NA,Comfortable & Economical Homestay,https://www.airbnb.co.in/rooms/4335078,1,NA,1.5,3,1,802,NA,10%,20%,1503,1,2203,5209,30760,NA
274,NA,NA,NA,NA,NA,NA,New Delhi,Delhi,NA,Welcome to a Safe Home in Delhi,https://www.airbnb.co.in/rooms/383306,1,NA,1,2,1,NA,NA,0%,0%,NA,NA,3004,3004,3004,"Dec 23,Jan 4,Jan 5,Jan 6,Jan 7"
275,NA,NA,NA,NA,NA,NA,New Delhi,Delhi,NA,Safe/Economic/Yellow Room in Centre,https://www.airbnb.co.in/rooms/12284814,1,NA,0.5,2,2,351,NA,0%,0%,752,1,1802,3306,16090,"Nov 1,Nov 2,Nov 3,Nov 4,Nov 5,Nov 6,Nov 7,Nov 8,Nov 9,Nov 10,Nov 11,Nov 12,Nov 13,Nov 14,Nov 15,Nov 16,Nov 17,Nov 18,Nov 19,Nov 20,Nov 21,Nov 22,Nov 23,Nov 24,Nov 25,Nov 26,Nov 27,Nov 28,Nov 29,Nov 30,Dec 17,Dec 18,Dec 19"
276,NA,NA,NA,NA,NA,NA,New Delhi,Delhi,NA,Tree of Life B&B,https://www.airbnb.co.in/rooms/201823,1,NA,1,2,1,NA,NA,0%,25%,NA,NA,3473,3473,3473,NA
277,NA,NA,NA,NA,NA,NA,New Delhi,Delhi,NA,The Estate,https://www.airbnb.co.in/rooms/891025,1,NA,1,2,1,NA,NA,10%,10%,NA,NA,5473,5473,5473,"Nov 14,Nov 15,Nov 20,Nov 21,Nov 22,Dec 23,Dec 24,Dec 25,Dec 26,Dec 27,Dec 28,Dec 29,Dec 30,Dec 31,Jan 1,Jan 2"
278,NA,NA,NA,NA,NA,NA,New Delhi,Delhi,NA,Starry Nights Guest House,https://www.airbnb.co.in/rooms/15125398,1,NA,3,13,Fridays,NA,NA,0%,20%,NA,NA,1468,1468,1468,NA
279,NA,NA,NA,NA,NA,NA,New Delhi,Delhi,NA,"Private Room Aircon, Wifi,Breakfast",https://www.airbnb.co.in/rooms/6469340,1,NA,1,2,1,NA,NA,3%,10%,NA,NA,1135,1135,1135,NA
280,NA,NA,NA,NA,NA,NA,New Delhi,Delhi,NA,Garden View Antiquity,https://www.airbnb.co.in/rooms/10023775,1,NA,0.5,2,2,NA,NA,NA,NA,NA,NA,1268,1268,1268,NA
281,NA,NA,NA,NA,NA,NA,Gurgaon,Haryana,NA,Couple stay in DLF Phase IV Near HUDA CITY METRO,https://www.airbnb.co.in/rooms/13307680,1,NA,1,2,1,NA,NA,NA,NA,NA,NA,1870,1870,1870,"Nov 1,Nov 2,Nov 3,Nov 4,Nov 5,Nov 6,Nov 7,Nov 8,Nov 9,Nov 10,Nov 11,Nov 12,Nov 13,Nov 14,Nov 15,Nov 16,Nov 17,Nov 18,Nov 19,Nov 20,Nov 21,Nov 22,Nov 23,Nov 24,Nov 25,Nov 26,Nov 27,Nov 28,Nov 29,Nov 30,Dec 1,Dec 2,Dec 3,Dec 4,Dec 5,Dec 6,Dec 7,Dec 8,Dec 9,Dec 10,Dec 11,Dec 12,Dec 13,Dec 14,Dec 15,Dec 16,Dec 17,Dec 18,Dec 19,Dec 20,Dec 21,Dec 22,Dec 23,Dec 24,Dec 25,Dec 26,Dec 27,Dec 28,Dec 29,Dec 30,Dec 31,Jan 1,Jan 2,Jan 3,Jan 4,Jan 5,Jan 6,Jan 7,Jan 8,Jan 9,Jan 10,Jan 11,Jan 12,Jan 13,Jan 14,Jan 15,Jan 16,Jan 17,Jan 18,Jan 19,Jan 20,Jan 21,Jan 22,Jan 23,Jan 24,Jan 25,Jan 26,Jan 27,Jan 28,Jan 29,Jan 30,Jan 31,Feb 1,Feb 2,Feb 3,Feb 4,Feb 5,Feb 6,Feb 7,Feb 8,Feb 9,Feb 10,Feb 11,Feb 12,Feb 13,Feb 14,Feb 15,Feb 16,Feb 17,Feb 18,Feb 19,Feb 20,Feb 21,Feb 22,Feb 23,Feb 24,Feb 25,Feb 26,Feb 27,Feb 28,Mar 1,Mar 2,Mar 3,Mar 4,Mar 5,Mar 6,Mar 7,Mar 8,Mar 9,Mar 10,Mar 11,Mar 12,Mar 13,Mar 14,Mar 15,Mar 16,Mar 17,Mar 18,Mar 19,Mar 20,Mar 21,Mar 22,Mar 23,Mar 24,Mar 25,Mar 26,Mar 27,Mar 28,Mar 29,Mar 30,Mar 31,Apr 1,Apr 2,Apr 3,Apr 4,Apr 5,Apr 6,Apr 7,Apr 8,Apr 9,Apr 10,Apr 11,Apr 12,Apr 13,Apr 14,Apr 15,Apr 16,Apr 17,Apr 18,Apr 19,Apr 20,Apr 21,Apr 22,Apr 23,Apr 24,Apr 25,Apr 26,Apr 27,Apr 28,Apr 29,Apr 30,May 1,May 2,May 3,May 4,May 5,May 6,May 7,May 8,May 9,May 10,May 11,May 12,May 13,May 14,May 15,May 16,May 17,May 18,May 19,May 20,May 21,May 22,May 23,May 24,May 25,May 26,May 27,May 28,May 29,May 30,May 31,Jun 1,Jun 2,Jun 3,Jun 4,Jun 5,Jun 6,Jun 7,Jun 8,Jun 9,Jun 10,Jun 11,Jun 12,Jun 13,Jun 14,Jun 15,Jun 16,Jun 17,Jun 18,Jun 19,Jun 20,Jun 21,Jun 22,Jun 23,Jun 24,Jun 25,Jun 26,Jun 27,Jun 28,Jun 29,Jun 30,Jul 1,Jul 2,Jul 3,Jul 4,Jul 5,Jul 6,Jul 7,Jul 8,Jul 9,Jul 10,Jul 11,Jul 12,Jul 13,Jul 14,Jul 15,Jul 16,Jul 17,Jul 18,Jul 19,Jul 20,Jul 21,Jul 22,Jul 23,Jul 24,Jul 25,Jul 26,Jul 27,Jul 28,Jul 29,Jul 30,Jul 31,Aug 1,Aug 2,Aug 3,Aug 4,Aug 5,Aug 6,Aug 7,Aug 8,Aug 9,Aug 10,Aug 11,Aug 12,Aug 13,Aug 14,Aug 15,Aug 16,Aug 17,Aug 18,Aug 19,Aug 20,Aug 21,Aug 22,Aug 23,Aug 24,Aug 25,Aug 26,Aug 27,Aug 28,Aug 29,Aug 30,Aug 31,Sep 1,Sep 2,Sep 3,Sep 4,Sep 5,Sep 6,Sep 7,Sep 8,Sep 9,Sep 10,Sep 11,Sep 12,Sep 13,Sep 14,Sep 15,Sep 16,Sep 17,Sep 18,Sep 19,Sep 20,Sep 21,Sep 22,Sep 23,Sep 24,Sep 25,Sep 26,Sep 27,Sep 28,Sep 29,Sep 30,Oct 1,Oct 2,Oct 3,Oct 4,Oct 5,Oct 6,Oct 7,Oct 8,Oct 9,Oct 10,Oct 11,Oct 12,Oct 13,Oct 14,Oct 15,Oct 16,Oct 17,Oct 18,Oct 19,Oct 20,Oct 21,Oct 22,Oct 23,Oct 24,Oct 25,Oct 26,Oct 27,Oct 28,Oct 29,Oct 30,Oct 31,Nov 1,Nov 2,Nov 3,Nov 4,Nov 5"
282,NA,NA,NA,NA,NA,NA,New Delhi,Delhi,NA,Fabulous New Delhi B&B - Cedar Room,https://www.airbnb.co.in/rooms/76659,1,NA,1,3,1,NA,NA,10%,0%,501,1,3473,4475,12992,"Nov 2,Nov 3,Nov 4,Nov 5,Nov 14,Nov 15,Dec 6,Dec 7,Dec 8,Dec 11,Dec 12"
283,NA,NA,NA,NA,NA,NA,New Delhi,Delhi,NA,Bed and Breakfast service apartment,https://www.airbnb.co.in/rooms/471240,1,NA,1,3,1,NA,NA,12%,27%,551,1,3473,4575,13942,"Nov 10,Nov 11,Dec 11"
284,NA,NA,NA,NA,NA,NA,Gurgaon Rural,Haryana,NA,Elegant AC Room near Cyber Hub in DLF 2,https://www.airbnb.co.in/rooms/13418770,1,NA,1,3,1,NA,NA,5%,10%,401,1,2002,2804,9621,"Jan 1,Jan 2,Jan 3,Jan 4,Jan 5,Jan 6,Jan 7,Jan 8,Jan 9,Jan 10,Jan 11,Jan 12,Jan 13,Jan 14,Jan 15,Jan 16,Jan 17,Jan 18,Jan 19,Jan 20,Jan 21,Jan 22,Jan 23,Jan 24,Jan 25,Jan 26,Jan 27,Jan 28,Jan 29,Jan 30,Jan 31,Feb 1,Feb 2,Feb 3,Feb 4,Feb 5,Feb 6,Feb 7,Feb 8,Feb 9,Feb 10,Feb 11,Feb 12,Feb 13,Feb 14,Feb 15,Feb 16,Feb 17,Feb 18,Feb 19,Feb 20,Feb 21,Feb 22,Feb 23,Feb 24,Feb 25,Feb 26,Feb 27,Feb 28,Mar 1,Mar 2,Mar 3,Mar 4,Mar 5,Mar 6,Mar 7,Mar 8,Mar 9,Mar 10,Mar 11,Mar 12,Mar 13,Mar 14,Mar 15,Mar 16,Mar 17,Mar 18,Mar 19,Mar 20,Mar 21,Mar 22,Mar 23,Mar 24,Mar 25,Mar 26,Mar 27,Mar 28,Mar 29,Mar 30,Mar 31,Apr 1,Apr 2,Apr 3,Apr 4,Apr 5,Apr 6,Apr 7,Apr 8,Apr 9,Apr 10,Apr 11,Apr 12,Apr 13,Apr 14,Apr 15,Apr 16,Apr 17,Apr 18,Apr 19,Apr 20,Apr 21,Apr 22,Apr 23,Apr 24,Apr 25,Apr 26,Apr 27,Apr 28,Apr 29,Apr 30,May 1,May 2,May 3,May 4,May 5,May 6,May 7,May 8,May 9,May 10,May 11,May 12,May 13,May 14,May 15,May 16,May 17,May 18,May 19,May 20,May 21,May 22,May 23,May 24,May 25,May 26,May 27,May 28,May 29,May 30,May 31,Jun 1,Jun 2,Jun 3,Jun 4,Jun 5,Jun 6,Jun 7,Jun 8,Jun 9,Jun 10,Jun 11,Jun 12,Jun 13,Jun 14,Jun 15,Jun 16,Jun 17,Jun 18,Jun 19,Jun 20,Jun 21,Jun 22,Jun 23,Jun 24,Jun 25,Jun 26,Jun 27,Jun 28,Jun 29,Jun 30,Jul 1,Jul 2,Jul 3,Jul 4,Jul 5,Jul 6,Jul 7,Jul 8,Jul 9,Jul 10,Jul 11,Jul 12,Jul 13,Jul 14,Jul 15,Jul 16,Jul 17,Jul 18,Jul 19,Jul 20,Jul 21,Jul 22,Jul 23,Jul 24,Jul 25,Jul 26,Jul 27,Jul 28,Jul 29,Jul 30,Jul 31,Aug 1,Aug 2,Aug 3,Aug 4,Aug 5,Aug 6,Aug 7,Aug 8,Aug 9,Aug 10,Aug 11,Aug 12,Aug 13,Aug 14,Aug 15,Aug 16,Aug 17,Aug 18,Aug 19,Aug 20,Aug 21,Aug 22,Aug 23,Aug 24,Aug 25,Aug 26,Aug 27,Aug 28,Aug 29,Aug 30,Aug 31,Sep 1,Sep 2,Sep 3,Sep 4,Sep 5,Sep 6,Sep 7,Sep 8,Sep 9,Sep 10,Sep 11,Sep 12,Sep 13,Sep 14,Sep 15,Sep 16,Sep 17,Sep 18,Sep 19,Sep 20,Sep 21,Sep 22,Sep 23,Sep 24,Sep 25,Sep 26,Sep 27,Sep 28,Sep 29,Sep 30,Oct 1,Oct 2,Oct 3,Oct 4,Oct 5,Oct 6,Oct 7,Oct 8,Oct 9,Oct 10,Oct 11,Oct 12,Oct 13,Oct 14,Oct 15,Oct 16,Oct 17,Oct 18,Oct 19,Oct 20,Oct 21,Oct 22,Oct 23,Oct 24,Oct 25,Oct 26,Oct 27,Oct 28,Oct 29,Oct 30,Oct 31,Nov 1,Nov 2,Nov 3,Nov 4,Nov 5"
285,NA,NA,NA,NA,NA,NA,Ghaziabad,Uttar Pradesh,NA,Home away from home,https://www.airbnb.co.in/rooms/14700933,1,NA,1,2,1,NA,NA,5%,10%,NA,NA,1468,1468,1468,"Mar 30,Mar 31,Apr 1,Apr 2,Apr 3,Apr 4,Apr 5,Apr 6,Apr 7,Apr 8,Apr 9,Apr 10,Apr 11,Apr 12,Apr 13,Apr 14,Apr 15,Apr 16,Apr 17,Apr 18,Apr 19,Apr 20,Apr 21,Apr 22,Apr 23,Apr 24,Apr 25,Apr 26,Apr 27,Apr 28,Apr 29,Apr 30,May 1,May 2,May 3,May 4,May 5,May 6,May 7,May 8,May 9,May 10,May 11,May 12,May 13,May 14,May 15,May 16,May 17,May 18,May 19,May 20,May 21,May 22,May 23,May 24,May 25,May 26,May 27,May 28,May 29,May 30,May 31,Jun 1,Jun 2,Jun 3,Jun 4,Jun 5,Jun 6,Jun 7,Jun 8,Jun 9,Jun 10,Jun 11,Jun 12,Jun 13,Jun 14,Jun 15,Jun 16,Jun 17,Jun 18,Jun 19,Jun 20,Jun 21,Jun 22,Jun 23,Jun 24,Jun 25,Jun 26,Jun 27,Jun 28,Jun 29,Jun 30,Jul 1,Jul 2,Jul 3,Jul 4,Jul 5,Jul 6,Jul 7,Jul 8,Jul 9,Jul 10,Jul 11,Jul 12,Jul 13,Jul 14,Jul 15,Jul 16,Jul 17,Jul 18,Jul 19,Jul 20,Jul 21,Jul 22,Jul 23,Jul 24,Jul 25,Jul 26,Jul 27,Jul 28,Jul 29,Jul 30,Jul 31,Aug 1,Aug 2,Aug 3,Aug 4,Aug 5,Aug 6,Aug 7,Aug 8,Aug 9,Aug 10,Aug 11,Aug 12,Aug 13,Aug 14,Aug 15,Aug 16,Aug 17,Aug 18,Aug 19,Aug 20,Aug 21,Aug 22,Aug 23,Aug 24,Aug 25,Aug 26,Aug 27,Aug 28,Aug 29,Aug 30,Aug 31,Sep 1,Sep 2,Sep 3,Sep 4,Sep 5,Sep 6,Sep 7,Sep 8,Sep 9,Sep 10,Sep 11,Sep 12,Sep 13,Sep 14,Sep 15,Sep 16,Sep 17,Sep 18,Sep 19,Sep 20,Sep 21,Sep 22,Sep 23,Sep 24,Sep 25,Sep 26,Sep 27,Sep 28,Sep 29,Sep 30,Oct 1,Oct 2,Oct 3,Oct 4,Oct 5,Oct 6,Oct 7,Oct 8,Oct 9,Oct 10,Oct 11,Oct 12,Oct 13,Oct 14,Oct 15,Oct 16,Oct 17,Oct 18,Oct 19,Oct 20,Oct 21,Oct 22,Oct 23,Oct 24,Oct 25,Oct 26,Oct 27,Oct 28,Oct 29,Oct 30,Oct 31,Nov 1,Nov 2,Nov 3,Nov 4,Nov 5"
286,NA,NA,NA,NA,NA,NA,New Delhi,Delhi,NA,Raj Kapoor's Luxury Apt: Silk Road,https://www.airbnb.co.in/rooms/10912449,1,NA,1,2,1,1002,NA,NA,NA,NA,NA,4005,4005,4005,NA
287,NA,NA,NA,NA,NA,NA,New Delhi,Delhi,NA,Raj Kapoor's Luxury Apt: Timberland,https://www.airbnb.co.in/rooms/10912966,1,NA,1,2,1,NA,NA,NA,NA,NA,NA,4474,4474,4474,NA
288,NA,NA,NA,NA,NA,NA,New Delhi,DL,NA,Comfortable room near airport,https://www.airbnb.co.in/rooms/14663617,1,NA,1,3,1,NA,NA,NA,NA,NA,NA,1468,1468,1468,"Dec 30,Dec 31,Jan 1,Jan 2,Jan 3,Jan 4,Jan 5,Jan 6,Jan 7,Jan 8,Jan 9,Jan 10,Jan 11,Jan 12,Jan 13,Jan 14,Jan 15,Jan 16,Jan 17,Jan 18,Jan 19,Jan 20,Jan 21,Jan 22,Jan 23,Jan 24,Jan 25,Jan 26,Jan 27,Jan 28,Jan 29,Jan 30,Jan 31,Feb 1,Feb 2,Feb 3,Feb 4,Feb 5,Feb 6,Feb 7,Feb 8,Feb 9,Feb 10,Feb 11,Feb 12,Feb 13,Feb 14,Feb 15,Feb 16,Feb 17,Feb 18,Feb 19,Feb 20,Feb 21,Feb 22,Feb 23,Feb 24,Feb 25,Feb 26,Feb 27,Feb 28,Mar 1,Mar 2,Mar 3,Mar 4,Mar 5,Mar 6,Mar 7,Mar 8,Mar 9,Mar 10,Mar 11,Mar 12,Mar 13,Mar 14,Mar 15,Mar 16,Mar 17,Mar 18,Mar 19,Mar 20,Mar 21,Mar 22,Mar 23,Mar 24,Mar 25,Mar 26,Mar 27,Mar 28,Mar 29,Mar 30,Mar 31,Apr 1,Apr 2,Apr 3,Apr 4,Apr 5,Apr 6,Apr 7,Apr 8,Apr 9,Apr 10,Apr 11,Apr 12,Apr 13,Apr 14,Apr 15,Apr 16,Apr 17,Apr 18,Apr 19,Apr 20,Apr 21,Apr 22,Apr 23,Apr 24,Apr 25,Apr 26,Apr 27,Apr 28,Apr 29,Apr 30,May 1,May 2,May 3,May 4,May 5,May 6,May 7,May 8,May 9,May 10,May 11,May 12,May 13,May 14,May 15,May 16,May 17,May 18,May 19,May 20,May 21,May 22,May 23,May 24,May 25,May 26,May 27,May 28,May 29,May 30,May 31,Jun 1,Jun 2,Jun 3,Jun 4,Jun 5,Jun 6,Jun 7,Jun 8,Jun 9,Jun 10,Jun 11,Jun 12,Jun 13,Jun 14,Jun 15,Jun 16,Jun 17,Jun 18,Jun 19,Jun 20,Jun 21,Jun 22,Jun 23,Jun 24,Jun 25,Jun 26,Jun 27,Jun 28,Jun 29,Jun 30,Jul 1,Jul 2,Jul 3,Jul 4,Jul 5,Jul 6,Jul 7,Jul 8,Jul 9,Jul 10,Jul 11,Jul 12,Jul 13,Jul 14,Jul 15,Jul 16,Jul 17,Jul 18,Jul 19,Jul 20,Jul 21,Jul 22,Jul 23,Jul 24,Jul 25,Jul 26,Jul 27,Jul 28,Jul 29,Jul 30,Jul 31,Aug 1,Aug 2,Aug 3,Aug 4,Aug 5,Aug 6,Aug 7,Aug 8,Aug 9,Aug 10,Aug 11,Aug 12,Aug 13,Aug 14,Aug 15,Aug 16,Aug 17,Aug 18,Aug 19,Aug 20,Aug 21,Aug 22,Aug 23,Aug 24,Aug 25,Aug 26,Aug 27,Aug 28,Aug 29,Aug 30,Aug 31,Sep 1,Sep 2,Sep 3,Sep 4,Sep 5,Sep 6,Sep 7,Sep 8,Sep 9,Sep 10,Sep 11,Sep 12,Sep 13,Sep 14,Sep 15,Sep 16,Sep 17,Sep 18,Sep 19,Sep 20,Sep 21,Sep 22,Sep 23,Sep 24,Sep 25,Sep 26,Sep 27,Sep 28,Sep 29,Sep 30,Oct 1,Oct 2,Oct 3,Oct 4,Oct 5,Oct 6,Oct 7,Oct 8,Oct 9,Oct 10,Oct 11,Oct 12,Oct 13,Oct 14,Oct 15,Oct 16,Oct 17,Oct 18,Oct 19,Oct 20,Oct 21,Oct 22,Oct 23,Oct 24,Oct 25,Oct 26,Oct 27,Oct 28,Oct 29,Oct 30,Oct 31,Nov 1,Nov 2,Nov 3,Nov 4,Nov 5"
289,NA,NA,NA,NA,NA,NA,New Delhi,Delhi,NA,**FREE-AIRPORT DROP@ the END of your Stayin Delhi*,https://www.airbnb.co.in/rooms/14344900,1,NA,1.5,2,3,752,NA,4%,NA,NA,NA,2003,2003,2003,"Nov 1,Nov 2,Nov 3,Nov 4,Nov 5,Nov 6,Nov 7,Nov 8,Nov 9,Nov 10,Nov 11,Nov 12,Nov 13,Nov 14,Nov 15,Nov 16,Nov 17,Nov 18,Nov 19,Nov 20,Nov 21,Nov 22,Nov 23,Nov 24,Nov 25,Nov 26,Nov 27,Nov 28,Nov 29,Nov 30,Dec 1,Dec 2,Dec 3,Dec 4,Dec 5,Dec 6,Dec 7,Dec 8,Dec 9,Dec 10,Dec 11,Dec 12,Dec 13,Dec 14,Dec 30,Dec 31,Jan 1,Jan 2,Jan 3,Jan 4,Jan 5,Jan 6,Jan 7,Jan 8,Jan 9,Jan 10,Jan 11,Jan 12,Jan 13,Jan 14,Jan 15,Jan 16,Jan 17,Jan 18,Jan 19,Jan 20,Jan 21,Jan 22,Jan 23,Jan 24,Jan 25,Jan 26,Jan 27,Jan 28,Jan 29,Jan 30,Jan 31,Feb 1,Feb 2,Feb 3,Feb 4,Feb 5,Feb 6,Feb 7,Feb 8,Feb 9,Feb 10,Feb 11,Feb 12,Feb 13,Feb 14,Feb 15,Feb 16,Feb 17,Feb 18,Feb 19,Feb 20,Feb 21,Feb 22,Feb 23,Feb 24,Feb 25,Feb 26,Feb 27,Feb 28,Mar 1,Mar 2,Mar 3,Mar 4,Mar 5,Mar 6,Mar 7,Mar 8,Mar 9,Mar 10,Mar 11,Mar 12,Mar 13,Mar 14,Mar 15,Mar 16,Mar 17,Mar 18,Mar 19,Mar 20,Mar 21,Mar 22,Mar 23,Mar 24,Mar 25,Mar 26,Mar 27,Mar 28,Mar 29,Mar 30,Mar 31,Apr 1,Apr 2,Apr 3,Apr 4,Apr 5,Apr 6,Apr 7,Apr 8,Apr 9,Apr 10,Apr 11,Apr 12,Apr 13,Apr 14,Apr 15,Apr 16,Apr 17,Apr 18,Apr 19,Apr 20,Apr 21,Apr 22,Apr 23,Apr 24,Apr 25,Apr 26,Apr 27,Apr 28,Apr 29,Apr 30,May 1,May 2,May 3,May 4,May 5,May 6,May 7,May 8,May 9,May 10,May 11,May 12,May 13,May 14,May 15,May 16,May 17,May 18,May 19,May 20,May 21,May 22,May 23,May 24,May 25,May 26,May 27,May 28,May 29,May 30,May 31,Jun 1,Jun 2,Jun 3,Jun 4,Jun 5,Jun 6,Jun 7,Jun 8,Jun 9,Jun 10,Jun 11,Jun 12,Jun 13,Jun 14,Jun 15,Jun 16,Jun 17,Jun 18,Jun 19,Jun 20,Jun 21,Jun 22,Jun 23,Jun 24,Jun 25,Jun 26,Jun 27,Jun 28,Jun 29,Jun 30,Jul 1,Jul 2,Jul 3,Jul 4,Jul 5,Jul 6,Jul 7,Jul 8,Jul 9,Jul 10,Jul 11,Jul 12,Jul 13,Jul 14,Jul 15,Jul 16,Jul 17,Jul 18,Jul 19,Jul 20,Jul 21,Jul 22,Jul 23,Jul 24,Jul 25,Jul 26,Jul 27,Jul 28,Jul 29,Jul 30,Jul 31,Aug 1,Aug 2,Aug 3,Aug 4,Aug 5,Aug 6,Aug 7,Aug 8,Aug 9,Aug 10,Aug 11,Aug 12,Aug 13,Aug 14,Aug 15,Aug 16,Aug 17,Aug 18,Aug 19,Aug 20,Aug 21,Aug 22,Aug 23,Aug 24,Aug 25,Aug 26,Aug 27,Aug 28,Aug 29,Aug 30,Aug 31,Sep 1,Sep 2,Sep 3,Sep 4,Sep 5,Sep 6,Sep 7,Sep 8,Sep 9,Sep 10,Sep 11,Sep 12,Sep 13,Sep 14,Sep 15,Sep 16,Sep 17,Sep 18,Sep 19,Sep 20,Sep 21,Sep 22,Sep 23,Sep 24,Sep 25,Sep 26,Sep 27,Sep 28,Sep 29,Sep 30,Oct 1,Oct 2,Oct 3,Oct 4,Oct 5,Oct 6,Oct 7,Oct 8,Oct 9,Oct 10,Oct 11,Oct 12,Oct 13,Oct 14,Oct 15,Oct 16,Oct 17,Oct 18,Oct 19,Oct 20,Oct 21,Oct 22,Oct 23,Oct 24,Oct 25,Oct 26,Oct 27,Oct 28,Oct 29,Oct 30,Oct 31,Nov 1,Nov 2,Nov 3,Nov 4,Nov 5"
290,NA,NA,NA,NA,NA,NA,New Delhi,Delhi,NA,Private BnB in Artist Loft with paintings ,https://www.airbnb.co.in/rooms/6302970,1,1,1,2,2,1002,NA,5%,7%,3007,1,4472,10486,61605,NA
291,NA,NA,NA,NA,NA,NA,New Delhi,Delhi,NA,Art Nest!,https://www.airbnb.co.in/rooms/14206917,1,NA,1,2,1,NA,NA,NA,NA,346,1,667,1359,7241,"Dec 30,Dec 31,Jan 1,Jan 2,Jan 3,Jan 4,Jan 5,Jan 6,Jan 7,Jan 8,Jan 9,Jan 10,Jan 11,Jan 12,Jan 13,Jan 14,Jan 15,Jan 16,Jan 17,Jan 18,Jan 19,Jan 20,Jan 21,Jan 22,Jan 23,Jan 24,Jan 25,Jan 26,Jan 27,Jan 28,Jan 29,Jan 30,Jan 31,Feb 1,Feb 2,Feb 3,Feb 4,Feb 5,Feb 6,Feb 7,Feb 8,Feb 9,Feb 10,Feb 11,Feb 12,Feb 13,Feb 14,Feb 15,Feb 16,Feb 17,Feb 18,Feb 19,Feb 20,Feb 21,Feb 22,Feb 23,Feb 24,Feb 25,Feb 26,Feb 27,Feb 28,Mar 1,Mar 2,Mar 3,Mar 4,Mar 5,Mar 6,Mar 7,Mar 8,Mar 9,Mar 10,Mar 11,Mar 12,Mar 13,Mar 14,Mar 15,Mar 16,Mar 17,Mar 18,Mar 19,Mar 20,Mar 21,Mar 22,Mar 23,Mar 24,Mar 25,Mar 26,Mar 27,Mar 28,Mar 29,Mar 30,Mar 31,Apr 1,Apr 2,Apr 3,Apr 4,Apr 5,Apr 6,Apr 7,Apr 8,Apr 9,Apr 10,Apr 11,Apr 12,Apr 13,Apr 14,Apr 15,Apr 16,Apr 17,Apr 18,Apr 19,Apr 20,Apr 21,Apr 22,Apr 23,Apr 24,Apr 25,Apr 26,Apr 27,Apr 28,Apr 29,Apr 30,May 1,May 2,May 3,May 4,May 5,May 6,May 7,May 8,May 9,May 10,May 11,May 12,May 13,May 14,May 15,May 16,May 17,May 18,May 19,May 20,May 21,May 22,May 23,May 24,May 25,May 26,May 27,May 28,May 29,May 30,May 31,Jun 1,Jun 2,Jun 3,Jun 4,Jun 5,Jun 6,Jun 7,Jun 8,Jun 9,Jun 10,Jun 11,Jun 12,Jun 13,Jun 14,Jun 15,Jun 16,Jun 17,Jun 18,Jun 19,Jun 20,Jun 21,Jun 22,Jun 23,Jun 24,Jun 25,Jun 26,Jun 27,Jun 28,Jun 29,Jun 30,Jul 1,Jul 2,Jul 3,Jul 4,Jul 5,Jul 6,Jul 7,Jul 8,Jul 9,Jul 10,Jul 11,Jul 12,Jul 13,Jul 14,Jul 15,Jul 16,Jul 17,Jul 18,Jul 19,Jul 20,Jul 21,Jul 22,Jul 23,Jul 24,Jul 25,Jul 26,Jul 27,Jul 28,Jul 29,Jul 30,Jul 31,Aug 1,Aug 2,Aug 3,Aug 4,Aug 5,Aug 6,Aug 7,Aug 8,Aug 9,Aug 10,Aug 11,Aug 12,Aug 13,Aug 14,Aug 15,Aug 16,Aug 17,Aug 18,Aug 19,Aug 20,Aug 21,Aug 22,Aug 23,Aug 24,Aug 25,Aug 26,Aug 27,Aug 28,Aug 29,Aug 30,Aug 31,Sep 1,Sep 2,Sep 3,Sep 4,Sep 5,Sep 6,Sep 7,Sep 8,Sep 9,Sep 10,Sep 11,Sep 12,Sep 13,Sep 14,Sep 15,Sep 16,Sep 17,Sep 18,Sep 19,Sep 20,Sep 21,Sep 22,Sep 23,Sep 24,Sep 25,Sep 26,Sep 27,Sep 28,Sep 29,Sep 30,Oct 1,Oct 2,Oct 3,Oct 4,Oct 5,Oct 6,Oct 7,Oct 8,Oct 9,Oct 10,Oct 11,Oct 12,Oct 13,Oct 14,Oct 15,Oct 16,Oct 17,Oct 18,Oct 19,Oct 20,Oct 21,Oct 22,Oct 23,Oct 24,Oct 25,Oct 26,Oct 27,Oct 28,Oct 29,Oct 30,Oct 31,Nov 1,Nov 2,Nov 3,Nov 4,Nov 5"
292,NA,NA,NA,NA,NA,NA,New Delhi,Delhi,NA,"*****Comfortable ,warm ,like home",https://www.airbnb.co.in/rooms/262439,1,NA,1.5,8,1,NA,NA,0%,0%,1203,2,1336,2539,22990,"Nov 22,Nov 23,Nov 24,Nov 25,Dec 5,Dec 6,Dec 23,Dec 24,Dec 25"
293,NA,NA,NA,NA,NA,NA,New Delhi,Delhi,NA,hotel om paradise,https://www.airbnb.co.in/rooms/7880884,1,NA,1,2,1,NA,NA,0%,0%,451,1,1001,1903,9570,NA
294,NA,NA,NA,NA,NA,NA,New Delhi,Delhi,NA,A/C Private Room + Kitchen + Free WiFi,https://www.airbnb.co.in/rooms/13320809,1,NA,1,2,1,NA,NA,10%,20%,NA,NA,1202,1202,1202,"Nov 1,Nov 2,Nov 3"
295,NA,NA,NA,NA,NA,NA,New Delhi,Delhi,NA, Buddha House ,https://www.airbnb.co.in/rooms/2795546,1,NA,2,2,2,341,NA,0%,0%,NA,NA,2538,2538,2538,"Nov 1,Jan 5,Jan 6,Jan 7,Jan 10,Jan 11,Jan 14,Jan 15,Jan 16"
296,NA,NA,NA,NA,NA,NA,New Delhi,Delhi,NA,Great Homestay New Delhi - Mulberry,https://www.airbnb.co.in/rooms/76662,1,NA,1,2,1,NA,NA,10%,0%,501,1,3005,4007,12524,"Nov 2,Nov 3,Nov 4,Nov 5,Dec 3,Dec 4,Dec 6,Dec 7,Dec 8,Dec 11,Dec 12,Dec 26,Dec 27,Dec 28,Dec 29,Dec 30"
297,NA,NA,NA,NA,NA,NA,New Delhi,Delhi,NA,Double Bedroom/Amazing Location/Near Metro&market,https://www.airbnb.co.in/rooms/5933918,1,NA,1,2,1,401,NA,10%,20%,NA,NA,868,868,868,NA
298,NA,NA,NA,NA,NA,NA,New Delhi,Delhi,NA,Independent 3 Bed Room Flat,https://www.airbnb.co.in/rooms/5356114,3,NA,3.5,6,5,351,NA,5%,10%,NA,NA,3004,3004,3004,"Nov 1,Nov 2,Nov 3,Nov 4,Nov 5,Nov 6,Nov 7,Nov 8,Nov 9,Nov 10,Nov 11,Nov 12,Nov 13,Nov 14,Nov 15,Nov 16,Nov 17,Nov 18,Nov 19,Nov 20,Nov 21,Nov 22,Nov 23,Nov 24,Nov 25,Nov 26,Nov 27,Nov 28,Nov 29,Nov 30,Dec 1,Dec 2,Dec 3,Dec 4,Dec 5,Dec 6,Dec 7,Dec 8,Dec 9,Dec 10,Dec 11,Dec 12,Dec 13,Dec 14,Dec 15,Dec 16,Dec 17,Dec 18,Dec 19,Dec 20,Dec 21,Dec 22,Dec 23,Dec 24,Dec 25,Dec 26,Dec 27,Dec 28,Dec 29,Dec 30,Dec 31,Jan 1,Jan 2,Jan 3,Jan 4,Jan 5,Jan 6,Jan 7,Jan 8,Jan 9,Jan 10,Jan 11,Jan 12,Jan 13,Jan 14,Jan 15,Jan 16,Jan 17,Jan 18,Jan 19,Jan 20,Jan 21,Jan 22,Jan 23,Jan 24,Jan 25,Jan 26,Jan 27,Jan 28,Jan 29,Jan 30,Jan 31,Feb 1,Feb 2,Feb 3,Feb 4,Feb 5,Feb 6,Feb 7,Feb 8,Feb 9,Feb 10,Feb 11,Feb 12,Feb 13,Feb 14,Feb 15,Feb 16,Feb 17,Feb 18,Feb 19,Feb 20,Feb 21,Feb 22,Feb 23,Feb 24,Feb 25,Feb 26,Feb 27,Feb 28,Mar 1,Mar 2,Mar 3,Mar 4,Mar 5,Mar 6,Mar 7,Mar 8,Mar 9,Mar 10,Mar 11,Mar 12,Mar 13,Mar 14,Mar 15,Mar 16,Mar 17,Mar 18,Mar 19,Mar 20,Mar 21,Mar 22,Mar 23,Mar 24,Mar 25,Mar 26,Mar 27,Mar 28,Mar 29,Mar 30,Mar 31,Apr 1,Apr 2,Apr 3,Apr 4,Apr 5,Apr 6,Apr 7,Apr 8,Apr 9,Apr 10,Apr 11,Apr 12,Apr 13,Apr 14,Apr 15,Apr 16,Apr 17,Apr 18,Apr 19,Apr 20,Apr 21,Apr 22,Apr 23,Apr 24,Apr 25,Apr 26,Apr 27,Apr 28,Apr 29,Apr 30,May 1,May 2,May 3,May 4,May 5,May 6,May 7,May 8,May 9,May 10,May 11,May 12,May 13,May 14,May 15,May 16,May 17,May 18,May 19,May 20,May 21,May 22,May 23,May 24,May 25,May 26,May 27,May 28,May 29,May 30,May 31,Jun 1,Jun 2,Jun 3,Jun 4,Jun 5,Jun 6,Jun 7,Jun 8,Jun 9,Jun 10,Jun 11,Jun 12,Jun 13,Jun 14,Jun 15,Jun 16,Jun 17,Jun 18,Jun 19,Jun 20,Jun 21,Jun 22,Jun 23,Jun 24,Jun 25,Jun 26,Jun 27,Jun 28,Jun 29,Jun 30,Jul 1,Jul 2,Jul 3,Jul 4,Jul 5,Jul 6,Jul 7,Jul 8,Jul 9,Jul 10,Jul 11,Jul 12,Jul 13,Jul 14,Jul 15,Jul 16,Jul 17,Jul 18,Jul 19,Jul 20,Jul 21,Jul 22,Jul 23,Jul 24,Jul 25,Jul 26,Jul 27,Jul 28,Jul 29,Jul 30,Jul 31,Aug 1,Aug 2,Aug 3,Aug 4,Aug 5,Aug 6,Aug 7,Aug 8,Aug 9,Aug 10,Aug 11,Aug 12,Aug 13,Aug 14,Aug 15,Aug 16,Aug 17,Aug 18,Aug 19,Aug 20,Aug 21,Aug 22,Aug 23,Aug 24,Aug 25,Aug 26,Aug 27,Aug 28,Aug 29,Aug 30,Aug 31,Sep 1,Sep 2,Sep 3,Sep 4,Sep 5,Sep 6,Sep 7,Sep 8,Sep 9,Sep 10,Sep 11,Sep 12,Sep 13,Sep 14,Sep 15,Sep 16,Sep 17,Sep 18,Sep 19,Sep 20,Sep 21,Sep 22,Sep 23,Sep 24,Sep 25,Sep 26,Sep 27,Sep 28,Sep 29,Sep 30,Oct 1,Oct 2,Oct 3,Oct 4,Oct 5,Oct 6,Oct 7,Oct 8,Oct 9,Oct 10,Oct 11,Oct 12,Oct 13,Oct 14,Oct 15,Oct 16,Oct 17,Oct 18,Oct 19,Oct 20,Oct 21,Oct 22,Oct 23,Oct 24,Oct 25,Oct 26,Oct 27,Oct 28,Oct 29,Oct 30,Oct 31,Nov 1,Nov 2,Nov 3,Nov 4,Nov 5"
299,NA,NA,NA,NA,NA,NA,New Delhi,Delhi,NA,hotel om paradise,https://www.airbnb.co.in/rooms/7880729,1,NA,1,2,1,NA,NA,0%,0%,NA,NA,1202,1202,1202,NA
300,NA,NA,NA,NA,NA,NA,New Delhi,Delhi,NA,Modern Luxurious Terrace Apt | Prime Location,https://www.airbnb.co.in/rooms/15210028,2,NA,3,5,2,NA,NA,20%,NA,NA,NA,10017,10017,10017,"Dec 30,Dec 31,Jan 1,Jan 2,Jan 3,Jan 4,Jan 5,Jan 6,Jan 7,Jan 8,Jan 9,Jan 10,Jan 11,Jan 12,Jan 13,Jan 14,Jan 15,Jan 16,Jan 17,Jan 18,Jan 19,Jan 20,Jan 21,Jan 22,Jan 23,Jan 24,Jan 25,Jan 26,Jan 27,Jan 28,Jan 29,Jan 30,Jan 31,Feb 1,Feb 2,Feb 3,Feb 4,Feb 5,Feb 6,Feb 7,Feb 8,Feb 9,Feb 10,Feb 11,Feb 12,Feb 13,Feb 14,Feb 15,Feb 16,Feb 17,Feb 18,Feb 19,Feb 20,Feb 21,Feb 22,Feb 23,Feb 24,Feb 25,Feb 26,Feb 27,Feb 28,Mar 1,Mar 2,Mar 3,Mar 4,Mar 5,Mar 6,Mar 7,Mar 8,Mar 9,Mar 10,Mar 11,Mar 12,Mar 13,Mar 14,Mar 15,Mar 16,Mar 17,Mar 18,Mar 19,Mar 20,Mar 21,Mar 22,Mar 23,Mar 24,Mar 25,Mar 26,Mar 27,Mar 28,Mar 29,Mar 30,Mar 31,Apr 1,Apr 2,Apr 3,Apr 4,Apr 5,Apr 6,Apr 7,Apr 8,Apr 9,Apr 10,Apr 11,Apr 12,Apr 13,Apr 14,Apr 15,Apr 16,Apr 17,Apr 18,Apr 19,Apr 20,Apr 21,Apr 22,Apr 23,Apr 24,Apr 25,Apr 26,Apr 27,Apr 28,Apr 29,Apr 30,May 1,May 2,May 3,May 4,May 5,May 6,May 7,May 8,May 9,May 10,May 11,May 12,May 13,May 14,May 15,May 16,May 17,May 18,May 19,May 20,May 21,May 22,May 23,May 24,May 25,May 26,May 27,May 28,May 29,May 30,May 31,Jun 1,Jun 2,Jun 3,Jun 4,Jun 5,Jun 6,Jun 7,Jun 8,Jun 9,Jun 10,Jun 11,Jun 12,Jun 13,Jun 14,Jun 15,Jun 16,Jun 17,Jun 18,Jun 19,Jun 20,Jun 21,Jun 22,Jun 23,Jun 24,Jun 25,Jun 26,Jun 27,Jun 28,Jun 29,Jun 30,Jul 1,Jul 2,Jul 3,Jul 4,Jul 5,Jul 6,Jul 7,Jul 8,Jul 9,Jul 10,Jul 11,Jul 12,Jul 13,Jul 14,Jul 15,Jul 16,Jul 17,Jul 18,Jul 19,Jul 20,Jul 21,Jul 22,Jul 23,Jul 24,Jul 25,Jul 26,Jul 27,Jul 28,Jul 29,Jul 30,Jul 31,Aug 1,Aug 2,Aug 3,Aug 4,Aug 5,Aug 6,Aug 7,Aug 8,Aug 9,Aug 10,Aug 11,Aug 12,Aug 13,Aug 14,Aug 15,Aug 16,Aug 17,Aug 18,Aug 19,Aug 20,Aug 21,Aug 22,Aug 23,Aug 24,Aug 25,Aug 26,Aug 27,Aug 28,Aug 29,Aug 30,Aug 31,Sep 1,Sep 2,Sep 3,Sep 4,Sep 5,Sep 6,Sep 7,Sep 8,Sep 9,Sep 10,Sep 11,Sep 12,Sep 13,Sep 14,Sep 15,Sep 16,Sep 17,Sep 18,Sep 19,Sep 20,Sep 21,Sep 22,Sep 23,Sep 24,Sep 25,Sep 26,Sep 27,Sep 28,Sep 29,Sep 30,Oct 1,Oct 2,Oct 3,Oct 4,Oct 5,Oct 6,Oct 7,Oct 8,Oct 9,Oct 10,Oct 11,Oct 12,Oct 13,Oct 14,Oct 15,Oct 16,Oct 17,Oct 18,Oct 19,Oct 20,Oct 21,Oct 22,Oct 23,Oct 24,Oct 25,Oct 26,Oct 27,Oct 28,Oct 29,Oct 30,Oct 31,Nov 1,Nov 2,Nov 3,Nov 4,Nov 5"
301,NA,NA,NA,NA,NA,NA,New Delhi,Delhi,NA,Budget stay in South Delhi!,https://www.airbnb.co.in/rooms/11250134,1,NA,1,1,1,NA,NA,10%,30%,NA,NA,667,667,667,"Nov 6,Nov 7,Nov 8,Nov 9,Nov 21,Nov 22,Nov 23,Nov 24,Nov 25,Nov 26,Nov 27,Nov 28,Nov 29,Nov 30,Dec 1,Dec 2,Dec 3,Dec 4,Dec 5,Dec 6,Dec 7,Dec 8,Dec 9,Dec 10,Dec 11,Dec 12,Dec 13,Dec 14,Dec 15,Dec 16,Dec 17,Dec 18,Dec 19,Dec 20,Dec 21,Dec 22,Dec 23,Dec 24,Dec 25,Dec 26,Dec 27"
302,NA,NA,NA,NA,NA,NA,Gurgaon,Haryana,NA,"Modern, trendy Apartment in Gurgaon",https://www.airbnb.co.in/rooms/12369235,3,NA,2,6,5,501,NA,5%,10%,NA,NA,2538,2538,2538,NA
303,NA,NA,NA,NA,NA,NA,New Delhi,Delhi,NA,Service Apartments In South Delhi,https://www.airbnb.co.in/rooms/4858136,0,NA,1,3,1,NA,NA,12%,20%,551,1,3473,4575,13942,"Nov 10,Nov 11,Nov 12,Nov 13,Nov 14,Dec 11"
304,NA,NA,NA,NA,NA,NA,New Delhi,Delhi,NA,Suite room near IGI Airport,https://www.airbnb.co.in/rooms/12159924,1,NA,1,1,1,NA,NA,NA,NA,NA,NA,5674,5674,5674,NA
305,NA,NA,NA,NA,NA,NA,New Delhi,Delhi,NA,It's a Happy Home **,https://www.airbnb.co.in/rooms/9446959,1,NA,1,1,1,NA,NA,5%,20%,NA,NA,1002,1002,1002,"Jan 17,Jan 31,Feb 7,Feb 8,Feb 9"
306,NA,NA,NA,NA,NA,NA,New Delhi,Delhi,NA,14 Square  Nehru Enclave,https://www.airbnb.co.in/rooms/5714001,1,NA,1,3,1,NA,NA,0%,0%,1285,1,4806,7376,29221,NA
307,NA,NA,NA,NA,NA,NA,New Delhi,Delhi,NA,Hotel like stay in The Penthouse- Delhi North East,https://www.airbnb.co.in/rooms/13951839,1,NA,1,2,Fridays,351,7016,21%,49%,NA,NA,2538,2538,2538,NA
308,NA,NA,NA,NA,NA,NA,New Delhi,Delhi,NA,Luxury Rooms In Budget Price,https://www.airbnb.co.in/rooms/9567838,1,NA,1,2,1,NA,NA,0%,0%,1240,1,3604,6084,27164,NA
309,NA,NA,NA,NA,NA,NA,New Delhi,Delhi,NA,studio apartment,https://www.airbnb.co.in/rooms/7958231,1,NA,1,2,1,NA,NA,15%,40%,NA,NA,2003,2003,2003,NA
310,NA,NA,NA,NA,NA,NA,New Delhi,Delhi,NA,Art House!,https://www.airbnb.co.in/rooms/11767488,2,NA,1,4,1,NA,NA,10%,20%,346,2,1269,1615,7497,"Nov 13,Nov 14,Nov 15,Nov 16,Nov 17,Nov 18,Nov 19,Nov 20,Nov 21,Nov 22,Nov 23,Nov 24,Nov 25,Nov 26,Nov 27,Mar 30,Mar 31,Apr 1,Apr 2,Apr 3,Apr 4,Apr 5,Apr 6,Apr 7,Apr 8,Apr 9,Apr 10,Apr 11,Apr 12,Apr 13,Apr 14,Apr 15,Apr 16,Apr 17,Apr 18,Apr 19,Apr 20,Apr 21,Apr 22,Apr 23,Apr 24,Apr 25,Apr 26,Apr 27,Apr 28,Apr 29,Apr 30,May 1,May 2,May 3,May 4,May 5,May 6,May 7,May 8,May 9,May 10,May 11,May 12,May 13,May 14,May 15,May 16,May 17,May 18,May 19,May 20,May 21,May 22,May 23,May 24,May 25,May 26,May 27,May 28,May 29,May 30,May 31,Jun 1,Jun 2,Jun 3,Jun 4,Jun 5,Jun 6,Jun 7,Jun 8,Jun 9,Jun 10,Jun 11,Jun 12,Jun 13,Jun 14,Jun 15,Jun 16,Jun 17,Jun 18,Jun 19,Jun 20,Jun 21,Jun 22,Jun 23,Jun 24,Jun 25,Jun 26,Jun 27,Jun 28,Jun 29,Jun 30,Jul 1,Jul 2,Jul 3,Jul 4,Jul 5,Jul 6,Jul 7,Jul 8,Jul 9,Jul 10,Jul 11,Jul 12,Jul 13,Jul 14,Jul 15,Jul 16,Jul 17,Jul 18,Jul 19,Jul 20,Jul 21,Jul 22,Jul 23,Jul 24,Jul 25,Jul 26,Jul 27,Jul 28,Jul 29,Jul 30,Jul 31,Aug 1,Aug 2,Aug 3,Aug 4,Aug 5,Aug 6,Aug 7,Aug 8,Aug 9,Aug 10,Aug 11,Aug 12,Aug 13,Aug 14,Aug 15,Aug 16,Aug 17,Aug 18,Aug 19,Aug 20,Aug 21,Aug 22,Aug 23,Aug 24,Aug 25,Aug 26,Aug 27,Aug 28,Aug 29,Aug 30,Aug 31,Sep 1,Sep 2,Sep 3,Sep 4,Sep 5,Sep 6,Sep 7,Sep 8,Sep 9,Sep 10,Sep 11,Sep 12,Sep 13,Sep 14,Sep 15,Sep 16,Sep 17,Sep 18,Sep 19,Sep 20,Sep 21,Sep 22,Sep 23,Sep 24,Sep 25,Sep 26,Sep 27,Sep 28,Sep 29,Sep 30,Oct 1,Oct 2,Oct 3,Oct 4,Oct 5,Oct 6,Oct 7,Oct 8,Oct 9,Oct 10,Oct 11,Oct 12,Oct 13,Oct 14,Oct 15,Oct 16,Oct 17,Oct 18,Oct 19,Oct 20,Oct 21,Oct 22,Oct 23,Oct 24,Oct 25,Oct 26,Oct 27,Oct 28,Oct 29,Oct 30,Oct 31,Nov 1,Nov 2,Nov 3,Nov 4,Nov 5"
311,NA,NA,NA,NA,NA,NA,New Delhi,Delhi,NA,Luxury Apt. With Balcony & Ensuite,https://www.airbnb.co.in/rooms/3130841,1,NA,2,2,1,452,10024,4%,4%,713,1,2870,4296,16417,NA
312,NA,NA,NA,NA,NA,NA,New Delhi,Delhi,NA,Prestige Luxury Apartments 3BHK,https://www.airbnb.co.in/rooms/11464003,3,NA,3,6,1,NA,NA,25%,50%,NA,NA,4341,4341,4341,"Nov 4,Nov 5,Nov 12,Nov 18,Nov 19,Nov 22,Nov 23,Nov 24,Nov 25,Nov 26,Dec 8,Dec 9,Dec 11,Dec 12,Dec 13,Jan 7,Jan 8"
313,NA,NA,NA,NA,NA,NA,NA,NA,NA,Quite comfortable stay with green surrounding...,https://www.airbnb.co.in/rooms/6905775,1,NA,1,2,1,401,7016,NA,NA,NA,NA,1468,1468,1468,"Dec 30,Dec 31,Jan 1,Jan 2,Jan 3,Jan 4,Jan 5,Jan 6,Jan 7,Jan 8,Jan 9,Jan 10,Jan 11,Jan 12,Jan 13,Jan 14,Jan 15,Jan 16,Jan 17,Jan 18,Jan 19,Jan 20,Jan 21,Jan 22,Jan 23,Jan 24,Jan 25,Jan 26,Jan 27,Jan 28,Jan 29,Jan 30,Jan 31,Feb 1,Feb 2,Feb 3,Feb 4,Feb 5,Feb 6,Feb 7,Feb 8,Feb 9,Feb 10,Feb 11,Feb 12,Feb 13,Feb 14,Feb 15,Feb 16,Feb 17,Feb 18,Feb 19,Feb 20,Feb 21,Feb 22,Feb 23,Feb 24,Feb 25,Feb 26,Feb 27,Feb 28,Mar 1,Mar 2,Mar 3,Mar 4,Mar 5,Mar 6,Mar 7,Mar 8,Mar 9,Mar 10,Mar 11,Mar 12,Mar 13,Mar 14,Mar 15,Mar 16,Mar 17,Mar 18,Mar 19,Mar 20,Mar 21,Mar 22,Mar 23,Mar 24,Mar 25,Mar 26,Mar 27,Mar 28,Mar 29,Mar 30,Mar 31,Apr 1,Apr 2,Apr 3,Apr 4,Apr 5,Apr 6,Apr 7,Apr 8,Apr 9,Apr 10,Apr 11,Apr 12,Apr 13,Apr 14,Apr 15,Apr 16,Apr 17,Apr 18,Apr 19,Apr 20,Apr 21,Apr 22,Apr 23,Apr 24,Apr 25,Apr 26,Apr 27,Apr 28,Apr 29,Apr 30,May 1,May 2,May 3,May 4,May 5,May 6,May 7,May 8,May 9,May 10,May 11,May 12,May 13,May 14,May 15,May 16,May 17,May 18,May 19,May 20,May 21,May 22,May 23,May 24,May 25,May 26,May 27,May 28,May 29,May 30,May 31,Jun 1,Jun 2,Jun 3,Jun 4,Jun 5,Jun 6,Jun 7,Jun 8,Jun 9,Jun 10,Jun 11,Jun 12,Jun 13,Jun 14,Jun 15,Jun 16,Jun 17,Jun 18,Jun 19,Jun 20,Jun 21,Jun 22,Jun 23,Jun 24,Jun 25,Jun 26,Jun 27,Jun 28,Jun 29,Jun 30,Jul 1,Jul 2,Jul 3,Jul 4,Jul 5,Jul 6,Jul 7,Jul 8,Jul 9,Jul 10,Jul 11,Jul 12,Jul 13,Jul 14,Jul 15,Jul 16,Jul 17,Jul 18,Jul 19,Jul 20,Jul 21,Jul 22,Jul 23,Jul 24,Jul 25,Jul 26,Jul 27,Jul 28,Jul 29,Jul 30,Jul 31,Aug 1,Aug 2,Aug 3,Aug 4,Aug 5,Aug 6,Aug 7,Aug 8,Aug 9,Aug 10,Aug 11,Aug 12,Aug 13,Aug 14,Aug 15,Aug 16,Aug 17,Aug 18,Aug 19,Aug 20,Aug 21,Aug 22,Aug 23,Aug 24,Aug 25,Aug 26,Aug 27,Aug 28,Aug 29,Aug 30,Aug 31,Sep 1,Sep 2,Sep 3,Sep 4,Sep 5,Sep 6,Sep 7,Sep 8,Sep 9,Sep 10,Sep 11,Sep 12,Sep 13,Sep 14,Sep 15,Sep 16,Sep 17,Sep 18,Sep 19,Sep 20,Sep 21,Sep 22,Sep 23,Sep 24,Sep 25,Sep 26,Sep 27,Sep 28,Sep 29,Sep 30,Oct 1,Oct 2,Oct 3,Oct 4,Oct 5,Oct 6,Oct 7,Oct 8,Oct 9,Oct 10,Oct 11,Oct 12,Oct 13,Oct 14,Oct 15,Oct 16,Oct 17,Oct 18,Oct 19,Oct 20,Oct 21,Oct 22,Oct 23,Oct 24,Oct 25,Oct 26,Oct 27,Oct 28,Oct 29,Oct 30,Oct 31,Nov 1,Nov 2,Nov 3,Nov 4,Nov 5"
314,NA,NA,NA,NA,NA,NA,New Delhi,DL,NA,The Brocade Room,https://www.airbnb.co.in/rooms/13952796,1,NA,1,2,1,NA,NA,NA,10%,NA,NA,2271,2271,2271,NA
315,NA,NA,NA,NA,NA,NA,New Delhi,Delhi,NA,Stay with the Singhs,https://www.airbnb.co.in/rooms/990653,1,NA,1,2,1,NA,NA,0%,0%,NA,NA,5006,5006,5006,NA
316,NA,NA,NA,NA,NA,NA,New Delhi,Delhi,NA,"""Garden View Room""-(Private Terrace), Near Airport",https://www.airbnb.co.in/rooms/6225029,1,NA,1,2,1,NA,NA,10%,20%,1203,1,3137,5543,25994,"Mar 30,Mar 31,Apr 1,Apr 2,Apr 3,Apr 4,Apr 5,Apr 6,Apr 7,Apr 8,Apr 9,Apr 10,Apr 11,Apr 12,Apr 13,Apr 14,Apr 15,Apr 16,Apr 17,Apr 18,Apr 19,Apr 20,Apr 21,Apr 22,Apr 23,Apr 24,Apr 25,Apr 26,Apr 27,Apr 28,Apr 29,Apr 30,May 1,May 2,May 3,May 4,May 5,May 6,May 7,May 8,May 9,May 10,May 11,May 12,May 13,May 14,May 15,May 16,May 17,May 18,May 19,May 20,May 21,May 22,May 23,May 24,May 25,May 26,May 27,May 28,May 29,May 30,May 31,Jun 1,Jun 2,Jun 3,Jun 4,Jun 5,Jun 6,Jun 7,Jun 8,Jun 9,Jun 10,Jun 11,Jun 12,Jun 13,Jun 14,Jun 15,Jun 16,Jun 17,Jun 18,Jun 19,Jun 20,Jun 21,Jun 22,Jun 23,Jun 24,Jun 25,Jun 26,Jun 27,Jun 28,Jun 29,Jun 30,Jul 1,Jul 2,Jul 3,Jul 4,Jul 5,Jul 6,Jul 7,Jul 8,Jul 9,Jul 10,Jul 11,Jul 12,Jul 13,Jul 14,Jul 15,Jul 16,Jul 17,Jul 18,Jul 19,Jul 20,Jul 21,Jul 22,Jul 23,Jul 24,Jul 25,Jul 26,Jul 27,Jul 28,Jul 29,Jul 30,Jul 31,Aug 1,Aug 2,Aug 3,Aug 4,Aug 5,Aug 6,Aug 7,Aug 8,Aug 9,Aug 10,Aug 11,Aug 12,Aug 13,Aug 14,Aug 15,Aug 16,Aug 17,Aug 18,Aug 19,Aug 20,Aug 21,Aug 22,Aug 23,Aug 24,Aug 25,Aug 26,Aug 27,Aug 28,Aug 29,Aug 30,Aug 31,Sep 1,Sep 2,Sep 3,Sep 4,Sep 5,Sep 6,Sep 7,Sep 8,Sep 9,Sep 10,Sep 11,Sep 12,Sep 13,Sep 14,Sep 15,Sep 16,Sep 17,Sep 18,Sep 19,Sep 20,Sep 21,Sep 22,Sep 23,Sep 24,Sep 25,Sep 26,Sep 27,Sep 28,Sep 29,Sep 30,Oct 1,Oct 2,Oct 3,Oct 4,Oct 5,Oct 6,Oct 7,Oct 8,Oct 9,Oct 10,Oct 11,Oct 12,Oct 13,Oct 14,Oct 15,Oct 16,Oct 17,Oct 18,Oct 19,Oct 20,Oct 21,Oct 22,Oct 23,Oct 24,Oct 25,Oct 26,Oct 27,Oct 28,Oct 29,Oct 30,Oct 31,Nov 1,Nov 2,Nov 3,Nov 4,Nov 5"
317,NA,NA,NA,NA,NA,NA,gurgaon,gurgaon,NA,Room,https://www.airbnb.co.in/rooms/5178856,1,NA,1,2,1,NA,NA,20%,55%,NA,NA,668,668,668,NA
318,NA,NA,NA,NA,NA,NA,Gurgaon,Haryana,NA,Secured Apartment Room & Kitchen,https://www.airbnb.co.in/rooms/4817486,1,NA,1,2,1,NA,NA,14%,37%,NA,NA,1469,1469,1469,NA
